true_p,n_items,replication,observed_mean,logit_normal_point_estimate,logit_normal_ci_low,logit_normal_ci_high,logit_normal_ci_width,logit_normal_n_divergences,logit_normal_ess_bulk,logit_normal_ess_tail,logit_normal_r_hat,logit_normal_covered,logit_normal_bias,beta_binomial_point_estimate,beta_binomial_ci_low,beta_binomial_ci_high,beta_binomial_ci_width,beta_binomial_n_divergences,beta_binomial_ess_bulk,beta_binomial_ess_tail,beta_binomial_r_hat,beta_binomial_covered,beta_binomial_bias
0.0,20,0,0.0,0.010989092814925211,0.0024726231566347748,0.022482669699432273,0.020010046542797498,0,5961.0,3014.0,1.0,False,0.010989092814925211,0.008196020429037637,1.7462637411531618e-08,0.019252057662881735,0.019252040200244323,0,123.0,226.0,1.03,False,0.008196020429037637
0.0,20,1,0.0,0.010885340774173823,0.0024726231566347748,0.023024724454485904,0.02055210129785113,0,7185.0,3209.0,1.0,False,0.010885340774173823,0.005700622746897887,9.14551318937087e-18,0.016388861931205315,0.016388861931205305,0,83.0,159.0,1.04,False,0.005700622746897887
0.0,20,2,0.0,0.010962714380296083,0.0024726231566347748,0.022793055316561894,0.02032043215992712,0,6549.0,3289.0,1.0,False,0.010962714380296083,0.005118175254139024,5.418651768088223e-58,0.015260024113462735,0.015260024113462735,0,23.0,35.0,1.11,False,0.005118175254139024
0.0,20,3,0.0,0.010825092708498614,0.0024726231566347748,0.022252363091069524,0.01977973993443475,0,6719.0,3143.0,1.0,False,0.010825092708498614,0.008799031332161892,3.9122806415578226e-17,0.020303035978073952,0.020303035978073914,13,38.0,163.0,1.09,False,0.008799031332161892
0.0,20,4,0.0,0.010939866444211209,0.0024726231566347748,0.022228250248490414,0.01975562709185564,0,7305.0,3215.0,1.0,False,0.010939866444211209,0.007127283191042628,6.146593605040472e-11,0.01964436176277378,0.019644361701307844,0,37.0,223.0,1.08,False,0.007127283191042628
0.0,20,5,0.0,0.011037325543453104,0.0024726231566347748,0.023486278597764372,0.021013655441129597,0,7266.0,3394.0,1.0,False,0.011037325543453104,0.005414821017659447,3.772613374719195e-36,0.015695676695849075,0.015695676695849075,0,26.0,52.0,1.11,False,0.005414821017659447
0.0,20,6,0.0,0.010861466353302016,0.0024726231566347748,0.022505089155860143,0.02003246599922537,0,7172.0,3296.0,1.0,False,0.010861466353302016,0.008010083575636765,9.970616940158437e-19,0.022619131451195682,0.022619131451195682,0,19.0,44.0,1.15,False,0.008010083575636765
0.0,20,7,0.0,0.010875421518908315,0.0024726231566347748,0.022548350964758653,0.02007572780812388,0,7020.0,3184.0,1.0,False,0.010875421518908315,0.005776228710684815,4.456165275611781e-16,0.016287872011806526,0.016287872011806082,0,37.0,126.0,1.07,False,0.005776228710684815
0.0,20,8,0.0,0.01074935829933547,0.0024726231566347748,0.022375184292075818,0.019902561135441043,0,6699.0,3158.0,1.0,False,0.01074935829933547,0.006798813158281581,6.732971366191516e-12,0.018078777752972407,0.018078777746239436,0,45.0,86.0,1.06,False,0.006798813158281581
0.0,20,9,0.0,0.010866940991287603,0.0024726231566347748,0.022363046493547388,0.019890423336912613,0,6987.0,3445.0,1.0,False,0.010866940991287603,0.005411179616993592,2.6788022647247583e-17,0.015386744633191533,0.015386744633191507,0,36.0,78.0,1.09,False,0.005411179616993592
0.0,20,10,0.0,0.010939087886462735,0.0024726231566347748,0.02225896400798115,0.019786340851346375,0,6649.0,3157.0,1.0,False,0.010939087886462735,0.006782665650662208,1.8238461020732548e-25,0.018871823311483606,0.018871823311483606,0,37.0,90.0,1.09,False,0.006782665650662208
0.0,20,11,0.0,0.010908860326643339,0.0024726231566347748,0.022721111161106696,0.02024848800447192,0,6113.0,3263.0,1.0,False,0.010908860326643339,0.006072789109897316,1.886581973284302e-34,0.016553727361883205,0.016553727361883205,0,85.0,136.0,1.02,False,0.006072789109897316
0.0,20,12,0.0,0.010939104448157917,0.0024726231566347748,0.022505948712468502,0.020033325555833727,0,6604.0,2421.0,1.0,False,0.010939104448157917,0.0077737750845779455,1.2482450328933872e-28,0.01975380435709914,0.01975380435709914,0,40.0,47.0,1.08,False,0.0077737750845779455
0.0,20,13,0.0,0.010877940588550893,0.0024726231566347748,0.022607345615646965,0.02013472245901219,0,7530.0,2972.0,1.0,False,0.010877940588550893,0.005885922505497513,6.346768053317215e-80,0.016559800092712153,0.016559800092712153,0,14.0,35.0,1.23,False,0.005885922505497513
0.0,20,14,0.0,0.010841309743393864,0.0024726231566347748,0.022400928513419474,0.0199283053567847,0,6166.0,3022.0,1.0,False,0.010841309743393864,0.0060830457341373555,5.244727272145522e-16,0.016973704686892268,0.016973704686891744,12,42.0,302.0,1.08,False,0.0060830457341373555
0.0,20,15,0.0,0.010929844085648746,0.0024726231566347748,0.02279498436504579,0.020322361208411015,0,6925.0,2968.0,1.0,False,0.010929844085648746,0.006329419840721604,4.4083270050006037e-70,0.017829150145803406,0.017829150145803406,0,17.0,41.0,1.17,False,0.006329419840721604
0.0,20,16,0.0,0.010739307413998004,0.0024726231566347748,0.022259708336687833,0.01978708518005306,0,6349.0,2611.0,1.0,False,0.010739307413998004,0.0068693152383701205,6.520549282262351e-13,0.01830193159214037,0.018301931591488314,3,23.0,71.0,1.13,False,0.0068693152383701205
0.0,20,17,0.0,0.011012980125467014,0.0024726231566347748,0.02323955922733115,0.020766936070696376,1,8541.0,2965.0,1.0,False,0.011012980125467014,0.005671822776691771,1.4466038282423832e-16,0.01553741953076124,0.015537419530761097,0,47.0,148.0,1.06,False,0.005671822776691771
0.0,20,18,0.0,0.010962458546990326,0.0024726231566347748,0.022417640454117926,0.01994501729748315,0,6358.0,2798.0,1.0,False,0.010962458546990326,0.006884023663367325,4.8714554552680986e-12,0.018113029091660134,0.01811302908678868,0,91.0,207.0,1.02,False,0.006884023663367325
0.0,20,19,0.0,0.010941202277325849,0.0024726231566347748,0.02250814047219325,0.020035517315558474,0,6248.0,3048.0,1.0,False,0.010941202277325849,0.006724128513890892,6.129001043693354e-09,0.01825448180133562,0.018254475672334576,0,72.0,82.0,1.06,False,0.006724128513890892
0.0,20,20,0.0,0.010864606550734325,0.0024726231566347748,0.022352051423400618,0.019879428266765843,0,7157.0,2925.0,1.0,False,0.010864606550734325,0.005467316456022754,2.7107778095851695e-17,0.015818727857809273,0.015818727857809245,129,57.0,94.0,1.05,False,0.005467316456022754
0.0,20,21,0.0,0.010980169092727428,0.0024726231566347748,0.023469136481150326,0.02099651332451555,0,7926.0,2827.0,1.0,False,0.010980169092727428,0.0070587923128715546,4.887611103291521e-10,0.017891752044843764,0.017891751556082653,0,104.0,236.0,1.03,False,0.0070587923128715546
0.0,20,22,0.0,0.010907498198660113,0.0024726231566347748,0.022523453498040538,0.020050830341405763,1,6969.0,3102.0,1.0,False,0.010907498198660113,0.007958118443018988,9.246396418941274e-09,0.020236569060053115,0.020236559813656695,3,47.0,109.0,1.07,False,0.007958118443018988
0.0,20,23,0.0,0.011030484123552542,0.0024726231566347748,0.023194289034921947,0.020721665878287172,1,7398.0,3202.0,1.0,False,0.011030484123552542,0.006531717478987656,8.195147954219769e-37,0.01779485126042446,0.01779485126042446,0,36.0,129.0,1.09,False,0.006531717478987656
0.0,20,24,0.0,0.01084203547228939,0.0024726231566347748,0.022900232487125048,0.020427609330490273,0,7103.0,2955.0,1.0,False,0.01084203547228939,0.0064967215350056375,4.2604018599324005e-18,0.018805002276973133,0.01880500227697313,0,51.0,132.0,1.04,False,0.0064967215350056375
0.0,50,0,0.0,0.005493641387892651,0.0024726231566347713,0.010551093332691807,0.008078470176057036,0,8208.0,3040.0,1.0,False,0.005493641387892651,0.0029637848148595714,9.687614721538278e-20,0.007880966368292107,0.007880966368292107,0,11.0,24.0,1.26,False,0.0029637848148595714
0.0,50,1,0.0,0.005431250524555187,0.0024726231566347713,0.010439927893868314,0.007967304737233543,0,6535.0,2894.0,1.0,False,0.005431250524555187,0.0030232153583355814,3.4656897184308995e-16,0.00891527498527291,0.008915274985272562,0,14.0,31.0,1.21,False,0.0030232153583355814
0.0,50,2,0.0,0.0055129337470879065,0.0024726231566347713,0.0108531763067955,0.008380553150160728,0,8495.0,2861.0,1.0,False,0.0055129337470879065,0.0023029705099785365,1.4991737933589754e-19,0.006367783901265945,0.006367783901265945,0,21.0,91.0,1.12,False,0.0023029705099785365
0.0,50,3,0.0,0.005426258532241999,0.0024726231566347713,0.010340524927922257,0.007867901771287485,0,6781.0,2356.0,1.0,False,0.005426258532241999,0.002926103164519138,1.4049167083276385e-09,0.007116247794840244,0.007116246389923536,0,29.0,39.0,1.09,False,0.002926103164519138
0.0,50,4,0.0,0.005437885472694736,0.0024726231566347713,0.010376468690563306,0.007903845533928535,0,6180.0,3140.0,1.0,False,0.005437885472694736,0.003049254096550255,6.9446969079381195e-09,0.007471725325489057,0.007471718380792149,0,23.0,49.0,1.12,False,0.003049254096550255
0.0,50,5,0.0,0.00541452343668094,0.0024726231566347713,0.010228996076772235,0.007756372920137464,0,8370.0,3120.0,1.0,False,0.00541452343668094,0.003499258839668099,1.7990536566657787e-28,0.008872610124221083,0.008872610124221083,0,15.0,117.0,1.18,False,0.003499258839668099
0.0,50,6,0.0,0.005395700945018204,0.0024726231566347713,0.010199063781392214,0.007726440624757443,0,6965.0,2857.0,1.0,False,0.005395700945018204,0.0030720326937665066,2.6227698559976295e-26,0.007848864020860892,0.007848864020860892,0,14.0,18.0,1.21,False,0.0030720326937665066
0.0,50,7,0.0,0.005535362200731102,0.0024726231566347713,0.010478359966877085,0.008005736810242314,0,6245.0,2797.0,1.0,False,0.005535362200731102,0.003019695628474933,5.087182957858242e-10,0.00797404215788973,0.007974041649171435,0,14.0,107.0,1.2,False,0.003019695628474933
0.0,50,8,0.0,0.00544013216445234,0.0024726231566347713,0.010234614409743466,0.007761991253108695,0,8059.0,3384.0,1.0,False,0.00544013216445234,0.0023829773149602477,1.4764691268684304e-10,0.006502320223443392,0.006502320075796479,0,31.0,194.0,1.09,False,0.0023829773149602477
0.0,50,9,0.0,0.005432591525720426,0.0024726231566347713,0.010215922802896567,0.007743299646261796,0,6172.0,2575.0,1.0,False,0.005432591525720426,0.003582050039987756,1.312069317751857e-05,0.008587304308622505,0.008574183615444986,0,22.0,118.0,1.13,False,0.003582050039987756
0.0,50,10,0.0,0.005464020953224741,0.0024726231566347713,0.010333217079477519,0.007860593922842747,0,5391.0,2873.0,1.0,False,0.005464020953224741,0.0023551989859431546,3.2906618412055227e-29,0.006743957884382478,0.006743957884382478,0,42.0,31.0,1.04,False,0.0023551989859431546
0.0,50,11,0.0,0.005426423389299449,0.0024726231566347713,0.010246115984085225,0.0077734928274504535,0,7627.0,2923.0,1.0,False,0.005426423389299449,0.003035879996013378,1.1265242334051379e-12,0.007713058377977491,0.007713058376850967,0,43.0,54.0,1.07,False,0.003035879996013378
0.0,50,12,0.0,0.00546855620773584,0.0024726231566347713,0.010556347840425973,0.008083724683791201,0,8681.0,2953.0,1.0,False,0.00546855620773584,0.0032608966894209085,5.518498061489611e-13,0.0079383960547988,0.00793839605424695,0,23.0,60.0,1.12,False,0.0032608966894209085
0.0,50,13,0.0,0.005417180225175926,0.0024726231566347713,0.010388740321233363,0.007916117164598592,0,6578.0,2685.0,1.0,False,0.005417180225175926,0.0026358563811055653,6.160939510895872e-35,0.006715479847921799,0.006715479847921799,6,18.0,28.0,1.15,False,0.0026358563811055653
0.0,50,14,0.0,0.0053813519430083575,0.0024726231566347713,0.010354675876063127,0.007882052719428356,0,7117.0,3032.0,1.0,False,0.0053813519430083575,0.003271836576964727,3.5018231858758836e-09,0.008435226866919639,0.008435223365096453,0,21.0,35.0,1.13,False,0.003271836576964727
0.0,50,15,0.0,0.005463947760123496,0.0024726231566347713,0.010331643088282995,0.007859019931648224,0,7710.0,3325.0,1.0,False,0.005463947760123496,0.0026073526403500233,3.034456061019502e-13,0.0071756391988680585,0.007175639198564613,0,16.0,55.0,1.17,False,0.0026073526403500233
0.0,50,16,0.0,0.005414223043611272,0.0024726231566347713,0.010155018529973083,0.0076823953733383115,0,7659.0,3169.0,1.0,False,0.005414223043611272,0.003157396737265759,9.34776081276755e-07,0.008062244118738708,0.008061309342657431,0,66.0,267.0,1.03,False,0.003157396737265759
0.0,50,17,0.0,0.005467997570810649,0.0024726231566347713,0.010320108997810933,0.007847485841176161,0,5669.0,3157.0,1.0,False,0.005467997570810649,0.0032128462537897263,2.2638805746128264e-08,0.007699118830613139,0.007699096191807393,0,75.0,548.0,1.04,False,0.0032128462537897263
0.0,50,18,0.0,0.005494269457942281,0.0024726231566347713,0.010615714312458169,0.008143091155823397,0,7184.0,2542.0,1.0,False,0.005494269457942281,0.0032226187224753873,7.206460957694769e-16,0.00902860326889001,0.00902860326888929,0,10.0,24.0,1.3,False,0.0032226187224753873
0.0,50,19,0.0,0.0054340518181122625,0.0024726231566347713,0.010182529189112508,0.0077099060324777365,0,6412.0,2901.0,1.0,False,0.0054340518181122625,0.002567813640105741,5.112945607040151e-31,0.0070292652216677525,0.0070292652216677525,0,14.0,30.0,1.2,False,0.002567813640105741
0.0,50,20,0.0,0.0053887012483824735,0.0024726231566347713,0.010225877102173748,0.007753253945538977,0,6405.0,2792.0,1.0,False,0.0053887012483824735,0.0035366021454559028,2.08620949411067e-10,0.008037737565857414,0.008037737357236466,0,71.0,87.0,1.03,False,0.0035366021454559028
0.0,50,21,0.0,0.005448399881708405,0.0024726231566347713,0.010681592060185244,0.008208968903550473,0,6012.0,2865.0,1.0,False,0.005448399881708405,0.0027598690687668094,1.7358916780031812e-09,0.007741445863888287,0.007741444127996609,0,19.0,158.0,1.14,False,0.0027598690687668094
0.0,50,22,0.0,0.005418883941487774,0.0024726231566347713,0.010511676084696784,0.008039052928062012,1,8168.0,3125.0,1.0,False,0.005418883941487774,0.0027967163922760383,2.3960584992149933e-23,0.007369812239764333,0.007369812239764333,0,21.0,24.0,1.13,False,0.0027967163922760383
0.0,50,23,0.0,0.005450165671041441,0.0024726231566347713,0.010282370674256414,0.007809747517621642,0,6645.0,3058.0,1.0,False,0.005450165671041441,0.003637669479094948,6.2863807747393995e-18,0.009004723916314945,0.009004723916314938,0,19.0,77.0,1.15,False,0.003637669479094948
0.0,50,24,0.0,0.005455438813542967,0.0024726231566347713,0.010335271628450786,0.007862648471816015,0,6146.0,3112.0,1.0,False,0.005455438813542967,0.0031205580197594474,2.5299895882188075e-09,0.008020593015648366,0.008020590485658778,0,37.0,101.0,1.07,False,0.0031205580197594474
0.0,100,0,0.0,0.0036326171161459734,0.0024726231566347696,0.006071465213337615,0.003598842056702845,0,8036.0,3034.0,1.0,False,0.0036326171161459734,0.0019969684070720267,4.433801507545487e-06,0.0045150960500913665,0.004510662248583821,0,31.0,179.0,1.08,False,0.0019969684070720267
0.0,100,1,0.0,0.003623981519553751,0.0024726231566347696,0.006022343994479032,0.003549720837844263,0,8229.0,2697.0,1.0,False,0.003623981519553751,0.0015492701811130314,2.2601307042122246e-07,0.00392470934048442,0.003924483327413999,0,16.0,146.0,1.16,False,0.0015492701811130314
0.0,100,2,0.0,0.0036324120924574005,0.0024726231566347696,0.00594655171956617,0.0034739285629314005,0,5283.0,2833.0,1.0,False,0.0036324120924574005,0.0014271332057093258,9.40710301907434e-14,0.003950946670977559,0.003950946670883488,0,9.0,52.0,1.35,False,0.0014271332057093258
0.0,100,3,0.0,0.003640173410841199,0.0024726231566347696,0.00598434635993031,0.0035117232032955406,0,5447.0,2916.0,1.0,False,0.003640173410841199,0.001872517726860151,1.941931586491997e-14,0.004866715303459339,0.00486671530343992,0,9.0,42.0,1.34,False,0.001872517726860151
0.0,100,4,0.0,0.003600214215624801,0.0024726231566347696,0.005968876405884686,0.0034962532492499162,0,6488.0,3198.0,1.0,False,0.003600214215624801,0.0017796323237325759,5.409370462468224e-16,0.004601651226651414,0.0046016512266508726,0,12.0,21.0,1.26,False,0.0017796323237325759
0.0,100,5,0.0,0.0036431726813359634,0.0024726231566347696,0.006047294876078088,0.003574671719443318,1,6131.0,3071.0,1.0,False,0.0036431726813359634,0.0017865917272226594,3.856962676613946e-15,0.004463804307062922,0.004463804307059065,0,9.0,15.0,1.35,False,0.0017865917272226594
0.0,100,6,0.0,0.0036512398729765297,0.0024726231566347696,0.006105996900368265,0.0036333737437334954,0,7223.0,3063.0,1.0,False,0.0036512398729765297,0.0021040402435254252,3.2149113758997814e-07,0.0047064995041774015,0.0047061780130398115,0,12.0,54.0,1.23,False,0.0021040402435254252
0.0,100,7,0.0,0.0036426795126232882,0.0024726231566347696,0.006065224080286591,0.0035926009236518213,0,6285.0,3175.0,1.0,False,0.0036426795126232882,0.0018086255342463146,2.4967291936649877e-10,0.0044339462301125725,0.004433945980439653,0,13.0,70.0,1.22,False,0.0018086255342463146
0.0,100,8,0.0,0.0036332894822661927,0.0024726231566347696,0.005975857458122469,0.0035032343014876994,0,6413.0,3319.0,1.0,False,0.0036332894822661927,0.001999247113564502,4.9635497919204574e-05,0.004496879625102488,0.004447244127183283,0,54.0,251.0,1.05,False,0.001999247113564502
0.0,100,9,0.0,0.0036461189984622845,0.0024726231566347696,0.006094641414340822,0.003622018257706052,0,6600.0,2881.0,1.0,False,0.0036461189984622845,0.0017641703281289817,3.7738660974860597e-07,0.004254807819043825,0.004254430432434076,0,49.0,128.0,1.04,False,0.0017641703281289817
0.0,100,10,0.0,0.0036380979594595564,0.0024726231566347696,0.0060816238951344175,0.003609000738499648,0,5894.0,2707.0,1.0,False,0.0036380979594595564,0.0014015901727088271,1.0868462100544388e-20,0.004089565993919296,0.004089565993919296,0,7.0,30.0,1.5,False,0.0014015901727088271
0.0,100,11,0.0,0.0036199519880530866,0.0024726231566347696,0.0060021551620935126,0.003529532005458743,0,7068.0,3357.0,1.0,False,0.0036199519880530866,0.0019222700608180416,1.4495859448363697e-11,0.004868943660034837,0.004868943645538978,0,9.0,39.0,1.38,False,0.0019222700608180416
0.0,100,12,0.0,0.0036428513364124703,0.0024726231566347696,0.006119999822620992,0.0036473766659862227,0,5720.0,2608.0,1.0,False,0.0036428513364124703,0.002020424284404701,4.833804089923571e-08,0.004844475898149558,0.004844427560108659,0,15.0,79.0,1.18,False,0.002020424284404701
0.0,100,13,0.0,0.0036110671645720096,0.0024726231566347696,0.0058928918443170355,0.003420268687682266,0,6433.0,2735.0,1.0,False,0.0036110671645720096,0.0016309141595881938,4.1181504040269144e-10,0.0040761037510437526,0.004076103339228712,0,18.0,21.0,1.16,False,0.0016309141595881938
0.0,100,14,0.0,0.003629466799073165,0.0024726231566347696,0.006019299928052964,0.0035466767714181944,0,5981.0,2167.0,1.0,False,0.003629466799073165,0.0017374989369222668,1.00759699636024e-11,0.004286397037786599,0.00428639702771063,0,15.0,50.0,1.18,False,0.0017374989369222668
0.0,100,15,0.0,0.0036156409898608793,0.0024726231566347696,0.005930404288369106,0.003457781131734336,0,6111.0,3083.0,1.0,False,0.0036156409898608793,0.00212452498498184,7.448312578542988e-05,0.004903266960016876,0.004828783834231446,0,29.0,300.0,1.09,False,0.00212452498498184
0.0,100,16,0.0,0.003600571752050471,0.0024726231566347696,0.00594191176671116,0.0034692886100763905,0,6354.0,3049.0,1.0,False,0.003600571752050471,0.0018816495979781904,2.9179012808797494e-16,0.004540377388895295,0.004540377388895004,0,9.0,18.0,1.34,False,0.0018816495979781904
0.0,100,17,0.0,0.003605729671639266,0.0024726231566347696,0.005889649858841502,0.003417026702206732,0,5487.0,2957.0,1.0,False,0.003605729671639266,0.0014092528734724595,1.0581356543797376e-21,0.004175829589300197,0.004175829589300197,0,11.0,36.0,1.28,False,0.0014092528734724595
0.0,100,18,0.0,0.0036103889852830777,0.0024726231566347696,0.005993531133463105,0.0035209079768283354,0,6343.0,2948.0,1.0,False,0.0036103889852830777,0.0021313748097774895,2.0378410065015176e-09,0.0050950730853939275,0.005095071047552921,0,25.0,33.0,1.1,False,0.0021313748097774895
0.0,100,19,0.0,0.0036066533659442736,0.0024726231566347696,0.005987952678200708,0.003515329521565938,0,5286.0,3017.0,1.0,False,0.0036066533659442736,0.0016891818567070919,5.771828025484826e-10,0.00448968679283278,0.004489686215649978,0,8.0,53.0,1.41,False,0.0016891818567070919
0.0,100,20,0.0,0.0036261288223746043,0.0024726231566347696,0.005972974346303378,0.0035003511896686086,0,6375.0,2887.0,1.0,False,0.0036261288223746043,0.0016579920746982147,3.11845820821049e-08,0.004089052176839563,0.004089020992257481,0,17.0,52.0,1.17,False,0.0016579920746982147
0.0,100,21,0.0,0.003616414753193051,0.0024726231566347696,0.005992830432560911,0.0035202072759261413,0,6476.0,2890.0,1.0,False,0.003616414753193051,0.001590515558465119,2.321046628485691e-09,0.0041889663630066565,0.004188964041960028,0,18.0,73.0,1.15,False,0.001590515558465119
0.0,100,22,0.0,0.0036457694826038736,0.0024726231566347696,0.006013065830176945,0.0035404426735421756,0,5456.0,3241.0,1.0,False,0.0036457694826038736,0.0017919218477566283,1.0831966017382017e-05,0.00415349384482086,0.0041426618788034785,0,24.0,162.0,1.11,False,0.0017919218477566283
0.0,100,23,0.0,0.00362223030535941,0.0024726231566347696,0.005992418469248539,0.003519795312613769,1,5242.0,2763.0,1.0,False,0.00362223030535941,0.0017541854314819996,9.622319164899436e-14,0.004589931924898638,0.0045899319248024146,0,9.0,22.0,1.37,False,0.0017541854314819996
0.0,100,24,0.0,0.0036093492117972134,0.0024726231566347696,0.006054501291284491,0.003581878134649721,0,5899.0,2473.0,1.0,False,0.0036093492117972134,0.0017562398842497333,6.622730084879788e-09,0.004233528783654601,0.004233522160924516,0,21.0,227.0,1.13,False,0.0017562398842497333
0.05,20,0,0.035,0.04197632148178558,0.017301762818153096,0.06666742396218919,0.049365661144036094,0,4707.0,2870.0,1.0,True,-0.008023678518214422,0.04453582391237052,0.020780443959118305,0.07142175921529932,0.05064131525618101,0,842.0,1665.0,1.01,True,-0.005464176087629481
0.05,20,1,0.05,0.05896706138723347,0.032765864247099354,0.08569140766819565,0.052925543421096295,0,3931.0,3219.0,1.0,True,0.008967061387233466,0.05067860612744198,0.02614027229761077,0.07587257994745839,0.04973230764984762,0,1829.0,2323.0,1.0,True,0.0006786061274419788
0.05,20,2,0.04,0.04755906279761315,0.022947399426962285,0.07614009304424921,0.05319269361728692,0,4605.0,3290.0,1.0,True,-0.0024409372023868545,0.04734377464788008,0.020845128413551864,0.07197991298090184,0.051134784567349975,0,995.0,1305.0,1.0,True,-0.0026562253521199217
0.05,20,3,0.05,0.0569551812846167,0.030207599669687935,0.08642577537790658,0.056218175708218646,0,5332.0,3352.0,1.0,True,0.006955181284616696,0.054803291523166084,0.026489305729475072,0.08206308017358799,0.05557377444411292,0,1542.0,2227.0,1.0,True,0.004803291523166081
0.05,20,4,0.07,0.07689026638971223,0.043374506698046864,0.1088202498771572,0.06544574317911034,0,4872.0,3421.0,1.0,True,0.02689026638971223,0.0743634020145257,0.04033502320760222,0.1055908693613029,0.06525584615370067,0,1423.0,1961.0,1.0,True,0.024363402014525692
0.05,20,5,0.055,0.06148966598146244,0.03264495036661306,0.09265573472055888,0.06001078435394582,0,4467.0,3411.0,1.0,True,0.011489665981462435,0.05974367068997931,0.0318323338788143,0.09005655777540808,0.05822422389659378,0,1541.0,1876.0,1.0,True,0.009743670689979306
0.05,20,6,0.045,0.05196621186823268,0.026517104840014728,0.08184120629497976,0.05532410145496504,1,4781.0,3317.0,1.0,True,0.0019662118682326757,0.05619961471844266,0.030130406684148334,0.08674856349220333,0.056618156808055,0,1126.0,2094.0,1.0,True,0.006199614718442659
0.05,20,7,0.06,0.06658709152478627,0.0369990228595944,0.100011463757564,0.0630124408979696,0,4998.0,3371.0,1.0,True,0.016587091524786268,0.06620577683694973,0.035696139184495344,0.0977348539386011,0.06203871475410575,0,1445.0,2376.0,1.0,True,0.016205776836949723
0.05,20,8,0.025,0.032674808283900264,0.012294833101992558,0.05598937094898441,0.04369453784699185,0,5090.0,2640.0,1.0,True,-0.01732519171609974,0.03284452926059674,0.012136094232284749,0.05581759881354073,0.043681504581255984,0,680.0,1552.0,1.01,True,-0.01715547073940326
0.05,20,9,0.03,0.03866573162616015,0.014830423345648323,0.06308328728347026,0.04825286393782194,0,5349.0,3649.0,1.0,True,-0.01133426837383985,0.03518787524728684,0.014951307624353231,0.059693082542072784,0.04474177491771955,0,793.0,2157.0,1.0,True,-0.014812124752713166
0.05,20,10,0.04,0.04690577443294184,0.02077983440660563,0.07344578153348716,0.052665947126881524,0,3912.0,2618.0,1.0,True,-0.0030942255670581634,0.04837632228309403,0.023304577175497342,0.07444103469749096,0.05113645752199361,0,1147.0,1773.0,1.0,True,-0.001623677716905976
0.05,20,11,0.04,0.0480348342362088,0.02412423340414831,0.0756471340044525,0.05152290060030419,0,5269.0,3546.0,1.0,True,-0.0019651657637912018,0.04497397103264338,0.022308974902908826,0.0732381806606846,0.05092920575777578,0,1075.0,1972.0,1.0,True,-0.00502602896735662
0.05,20,12,0.045,0.0517093910945824,0.025658046731347795,0.08013017374658427,0.054472127015236474,0,5262.0,3270.0,1.0,True,0.001709391094582395,0.0544698421892716,0.027655083830167834,0.08339649082107456,0.055741406990906725,0,1163.0,1860.0,1.0,True,0.0044698421892716
0.05,20,13,0.065,0.0714422816768458,0.03968488931582194,0.10365555419087742,0.06397066487505548,0,4935.0,3045.0,1.0,True,0.021442281676845795,0.07087434222688922,0.03943520147194687,0.10305866334569452,0.06362346187374765,0,1496.0,2352.0,1.0,True,0.02087434222688922
0.05,20,14,0.065,0.07221713501968921,0.042711041932649706,0.10337186155085623,0.060660819618206525,0,4621.0,3281.0,1.0,True,0.022217135019689208,0.06814406062720338,0.03894117050181181,0.09938673556196087,0.06044556506014906,0,2325.0,2679.0,1.0,True,0.018144060627203376
0.05,20,15,0.075,0.08161582228595832,0.04898708873119126,0.11486355608627329,0.06587646735508203,0,4462.0,3134.0,1.0,True,0.031615822285958314,0.07905626085539351,0.04709760769714625,0.1133075082176487,0.06620990052050246,0,1539.0,2344.0,1.0,True,0.029056260855393506
0.05,20,16,0.06,0.06635487224128246,0.03464189605187746,0.09691323909122711,0.06227134303934965,0,5019.0,3398.0,1.0,True,0.01635487224128246,0.06716596746805079,0.03691629733383976,0.09913968929452528,0.06222339196068552,0,1131.0,2059.0,1.0,True,0.017165967468050783
0.05,20,17,0.04,0.04693234368132801,0.02194726856835053,0.0733779648606608,0.05143069629231027,0,5755.0,3215.0,1.0,True,-0.0030676563186719935,0.050941574621197507,0.023929578740223653,0.0776037530435221,0.05367417430329845,0,932.0,1761.0,1.0,True,0.0009415746211975037
0.05,20,18,0.02,0.028135276565045296,0.009169592106932233,0.048584489566716654,0.03941489745978442,0,5629.0,3005.0,1.0,False,-0.021864723434954707,0.029616328876961577,0.00998056311365871,0.05194267502304104,0.04196211190938233,0,429.0,1249.0,1.01,True,-0.020383671123038426
0.05,20,19,0.035,0.04242136069699354,0.01818891672377667,0.06754227012086177,0.0493533533970851,0,5655.0,3151.0,1.0,True,-0.007578639303006465,0.04457548881830887,0.02008475639530892,0.07147672010694259,0.05139196371163367,0,861.0,1918.0,1.01,True,-0.005424511181691134
0.05,20,20,0.045,0.05318686525576354,0.02643049888537028,0.07906826832240776,0.052637769437037484,0,4501.0,3786.0,1.0,True,0.0031868652557635394,0.047936505766171235,0.023937448548236366,0.07380794684543544,0.04987049829719908,0,1921.0,2835.0,1.0,True,-0.002063494233828768
0.05,20,21,0.03,0.038072434625590235,0.014847342184860765,0.061458252970685294,0.04661091078582453,0,5633.0,3299.0,1.0,True,-0.011927565374409768,0.03627907839825343,0.01513259822836114,0.05980768711633022,0.04467508888796908,0,822.0,2156.0,1.0,True,-0.013720921601746573
0.05,20,22,0.12,0.12486855176145016,0.08672584569053622,0.16622352292891862,0.0794976772383824,0,5226.0,3409.0,1.0,False,0.07486855176145016,0.12449775996275413,0.08464427424144005,0.16502957688325703,0.08038530264181698,0,1697.0,2480.0,1.0,False,0.07449775996275412
0.05,20,23,0.095,0.1017980799695914,0.07022606739538598,0.13681976325522707,0.0665936958598411,0,4331.0,3487.0,1.0,False,0.051798079969591404,0.09525669266984585,0.06427369754643152,0.1293502894018549,0.06507659185542337,0,3105.0,3037.0,1.0,False,0.04525669266984585
0.05,20,24,0.07,0.07625906703942954,0.04309038657878541,0.10839619101398378,0.06530580443519837,0,4913.0,3252.0,1.0,True,0.02625906703942954,0.07497692861474028,0.04385992135303138,0.1097728802858184,0.06591295893278702,0,1788.0,2216.0,1.0,True,0.024976928614740282
0.05,50,0,0.052,0.05499169823426522,0.03746050389438385,0.07285040847395173,0.03538990457956788,0,4196.0,3088.0,1.0,True,0.004991698234265214,0.05352998869234079,0.03592201010542169,0.07156743463762409,0.0356454245322024,0,1674.0,2802.0,1.0,True,0.0035299886923407867
0.05,50,1,0.038,0.0412355620006813,0.024782880176395614,0.057122678663997846,0.03233979848760223,0,4342.0,3392.0,1.0,True,-0.008764437999318704,0.04097321665944316,0.024664569681771872,0.05594448350537382,0.03127991382360195,0,1559.0,2386.0,1.0,True,-0.009026783340556843
0.05,50,2,0.054,0.056925519761614835,0.0383711343114948,0.07503884904531093,0.03666771473381612,0,4542.0,3549.0,1.0,True,0.006925519761614832,0.055667128842733414,0.038631420735916654,0.07401975747802846,0.0353883367421118,0,1944.0,2094.0,1.0,True,0.005667128842733411
0.05,50,3,0.048,0.05067160043023091,0.033014339601867816,0.06897050559510236,0.03595616599323454,0,4766.0,2977.0,1.0,True,0.0006716004302309078,0.05313874681519741,0.03552944600938107,0.07050209120519593,0.03497264519581486,0,1003.0,2149.0,1.0,True,0.0031387468151974074
0.05,50,4,0.052,0.05511986578299027,0.038164233739169384,0.07283782010060386,0.03467358636143447,0,4596.0,3055.0,1.0,True,0.005119865782990264,0.05363672758959469,0.03615398430476077,0.07128340770401191,0.03512942339925114,0,1981.0,2382.0,1.0,True,0.003636727589594685
0.05,50,5,0.054,0.05677193781078667,0.037748860875727624,0.07677264481969853,0.03902378394397091,0,4658.0,3356.0,1.0,True,0.006771937810786666,0.05715937727798432,0.03804818384179852,0.07549904888580104,0.037450865044002524,0,1473.0,2277.0,1.0,True,0.007159377277984318
0.05,50,6,0.07,0.07273541516377961,0.05367307878178146,0.09351777040583241,0.03984469162405095,0,4671.0,3112.0,1.0,False,0.02273541516377961,0.07214174270510014,0.05032035109381721,0.09217431380468376,0.04185396271086655,0,2387.0,2802.0,1.0,False,0.022141742705100137
0.05,50,7,0.048,0.050944685569168466,0.03408214904713285,0.06904910170295417,0.034966952655821316,1,4916.0,3485.0,1.0,True,0.000944685569168463,0.05108968785151286,0.03378205476797349,0.06829213588316928,0.03451008111519579,0,1557.0,2070.0,1.0,True,0.0010896878515128591
0.05,50,8,0.054,0.05698749426303381,0.03898328982928487,0.07530117531337938,0.03631788548409451,0,4234.0,2803.0,1.0,True,0.006987494263033807,0.05604248353583749,0.03839696444037905,0.07485404390435148,0.036457079463972426,0,2051.0,2450.0,1.0,True,0.006042483535837487
0.05,50,9,0.044,0.04698338189662978,0.030043896146279316,0.06480560811944902,0.034761711973169705,0,4966.0,3024.0,1.0,True,-0.003016618103370221,0.046488881275310236,0.0300507517221173,0.06337152671807275,0.033320774995955454,0,1140.0,2311.0,1.0,True,-0.003511118724689767
0.05,50,10,0.05,0.05269472878410706,0.03396983286793764,0.07033710931634014,0.03636727644840251,0,5887.0,3489.0,1.0,True,0.0026947287841070575,0.05422653697704315,0.0364081295850733,0.07264718786097402,0.03623905827590072,0,1171.0,2241.0,1.0,True,0.004226536977043144
0.05,50,11,0.072,0.07437787219300637,0.05404059804553118,0.09721527599851008,0.043174677952978906,0,5469.0,3080.0,1.0,False,0.02437787219300637,0.07551624682628572,0.05407168304019374,0.0971421111326291,0.043070428092435366,0,1335.0,2229.0,1.0,False,0.025516246826285713
0.05,50,12,0.088,0.0906017360730082,0.06850069262223976,0.11237613543788962,0.043875442815649854,0,4325.0,3290.0,1.0,False,0.040601736073008196,0.08857401176054353,0.06637941482662134,0.11020225544623788,0.04382284061961654,0,3004.0,2963.0,1.0,False,0.03857401176054352
0.05,50,13,0.028,0.031171358800370072,0.01800283514830258,0.04489067121143766,0.02688783606313508,0,6052.0,3139.0,1.0,False,-0.01882864119962993,0.03134210342168588,0.017988949483395685,0.045132382605497096,0.02714343312210141,0,1137.0,2538.0,1.01,False,-0.018657896578314126
0.05,50,14,0.044,0.047795082591859786,0.03147045521814404,0.06467671269469422,0.03320625747655018,0,4444.0,2754.0,1.0,True,-0.0022049174081402168,0.044886670653789124,0.02953568979611743,0.060785057381693444,0.031249367585576015,0,2254.0,3195.0,1.0,True,-0.005113329346210879
0.05,50,15,0.052,0.05502271824536699,0.036993957676307566,0.07351098663130795,0.036517028955000384,0,4492.0,3483.0,1.0,True,0.005022718245366986,0.05382349312590097,0.03530225405662719,0.07083662614847454,0.03553437209184735,0,1884.0,1983.0,1.0,True,0.0038234931259009675
0.05,50,16,0.056,0.05882140722878753,0.04059634054829961,0.07871257176275494,0.03811623121445533,2,4743.0,3278.0,1.0,True,0.008821407228787527,0.059713718552972965,0.0409485172749691,0.07972347333055776,0.038774956055588665,0,1283.0,2128.0,1.0,True,0.009713718552972962
0.05,50,17,0.07,0.07272578598382534,0.05222859913955745,0.09334155457439462,0.04111295543483717,0,5298.0,3345.0,1.0,False,0.02272578598382534,0.07247854455146427,0.05200382279062058,0.09273062566386481,0.040726802873244226,0,1460.0,2238.0,1.0,False,0.022478544551464266
0.05,50,18,0.042,0.04535854286974571,0.028957514982163413,0.06135743140456727,0.03239991642240386,0,4501.0,3227.0,1.0,True,-0.004641457130254295,0.04374000367010557,0.02876557742810465,0.059935963659717734,0.031170386231613084,0,2232.0,2823.0,1.0,True,-0.006259996329894435
0.05,50,19,0.042,0.04517565676055682,0.0296668779095026,0.061384883360351375,0.031718005450848775,0,4877.0,3466.0,1.0,True,-0.004824343239443182,0.044624336007601156,0.029343965207326274,0.061055616494762266,0.03171165128743599,0,1687.0,2637.0,1.0,True,-0.005375663992398846
0.05,50,20,0.034,0.03754427412280141,0.022631886554143485,0.05278792226304953,0.030156035708906043,0,4381.0,3519.0,1.0,True,-0.012455725877198592,0.035563328692130705,0.021247373893837577,0.048991801385676804,0.027744427491839228,0,1977.0,2658.0,1.0,False,-0.014436671307869298
0.05,50,21,0.062,0.06467162905962157,0.046508613132361945,0.08478342497566344,0.03827481184330149,0,4436.0,3492.0,1.0,True,0.014671629059621563,0.06453134117579612,0.04433876724660195,0.08394891515495147,0.03961014790834952,0,1848.0,2397.0,1.0,True,0.014531341175796117
0.05,50,22,0.02,0.024067851516900156,0.01155023760875596,0.036092093355675044,0.024541855746919083,0,4363.0,3103.0,1.0,False,-0.025932148483099847,0.022397041556405314,0.011361603343692666,0.03405056520992422,0.022688961866231556,0,1004.0,2499.0,1.0,False,-0.02760295844359469
0.05,50,23,0.052,0.05490802725164596,0.036169422837835995,0.0726375524351918,0.0364681295973558,0,4350.0,3574.0,1.0,True,0.004908027251645956,0.05492871451043483,0.03728740646388026,0.07398216494943659,0.036694758485556325,0,1642.0,2206.0,1.0,True,0.004928714510434827
0.05,50,24,0.052,0.055281370220486875,0.03713838361891117,0.07292708942393972,0.03578870580502855,0,4532.0,3793.0,1.0,True,0.005281370220486872,0.05353812330314692,0.03666098663962282,0.07118950775937094,0.03452852111974812,0,2008.0,2636.0,1.0,True,0.0035381233031469145
0.05,100,0,0.051,0.05253099745993894,0.040982369619891205,0.06550897438989246,0.024526604770001258,0,3897.0,2826.0,1.0,True,0.0025309974599389343,0.051799286013332835,0.04011675025562782,0.06443748265065437,0.02432073239502655,0,2617.0,2698.0,1.0,True,0.001799286013332832
0.05,100,1,0.048,0.049793550576829375,0.038463845332181855,0.06129309123287179,0.022829245900689937,0,4645.0,3817.0,1.0,True,-0.00020644942317062792,0.04855027280976573,0.03684882546114859,0.0605602449562879,0.02371141949513931,0,2595.0,2883.0,1.0,True,-0.0014497271902342707
0.05,100,2,0.048,0.04955912073793535,0.03711777195606952,0.06229100981590878,0.025173237859839256,0,4587.0,3409.0,1.0,True,-0.0004408792620646529,0.04962820735349773,0.03738011090484665,0.06178655051250583,0.024406439607659182,0,1908.0,2312.0,1.0,True,-0.0003717926465022711
0.05,100,3,0.041,0.0429847181680753,0.031311965237714456,0.054406498884599995,0.02309453364688554,0,4525.0,3292.0,1.0,True,-0.007015281831924701,0.04152439380721114,0.029884793887037086,0.0520880437548508,0.022203249867813715,0,2236.0,2762.0,1.0,True,-0.008475606192788865
0.05,100,4,0.039,0.04049815551370094,0.02880048629614213,0.05183864605965458,0.023038159763512454,0,4909.0,3301.0,1.0,True,-0.009501844486299066,0.04091495573486769,0.029564119200497042,0.05194688662519902,0.02238276742470198,0,1121.0,1929.0,1.0,True,-0.009085044265132312
0.05,100,5,0.065,0.0664196864775812,0.053527784287571205,0.08109165862073604,0.027563874333164838,0,4537.0,3609.0,1.0,False,0.0164196864775812,0.0656792221126961,0.05217732584223946,0.07907248187326453,0.026895156031025068,0,2900.0,3259.0,1.0,False,0.015679222112696095
0.05,100,6,0.061,0.06247667182864531,0.04942134808255785,0.07658689633600052,0.027165548253442667,0,4725.0,3102.0,1.0,True,0.012476671828645307,0.06206050351441908,0.04815368966355624,0.07496104193911406,0.02680735227555782,0,2444.0,2801.0,1.0,True,0.012060503514419077
0.05,100,7,0.043,0.04466787463003612,0.03361619125769714,0.057143850698238366,0.023527659440541228,0,4285.0,3514.0,1.0,True,-0.005332125369963886,0.04421603681905633,0.033068120301348175,0.05530754628342586,0.022239425982077683,0,1972.0,2427.0,1.0,True,-0.005783963180943673
0.05,100,8,0.065,0.06638445851466088,0.05222853113987665,0.08008494306312393,0.027856411923247282,0,3976.0,3229.0,1.0,False,0.016384458514660874,0.06562495339265453,0.05236583957759518,0.07931204191092182,0.026946202333326646,0,2454.0,2855.0,1.0,False,0.015624953392654531
0.05,100,9,0.055,0.05643998621483943,0.04409329785081706,0.06993882995949592,0.025845532108678862,0,4676.0,3620.0,1.0,True,0.006439986214839426,0.05595517412267919,0.0435823032442122,0.06932039003941748,0.025738086795205277,0,2487.0,2768.0,1.0,True,0.005955174122679187
0.05,100,10,0.048,0.04932741690746207,0.03670539231253427,0.062070415612350466,0.025365023299816193,1,5773.0,3074.0,1.0,True,-0.0006725830925379331,0.05030067399944706,0.038067508352864106,0.06239965210602926,0.024332143753165156,0,1272.0,2078.0,1.0,True,0.0003006739994470542
0.05,100,11,0.037,0.03899297581799364,0.028042638339855146,0.04961936780629877,0.021576729466443623,0,3831.0,3274.0,1.0,False,-0.011007024182006366,0.0374740611622668,0.02706374149182488,0.048137228079265904,0.021073486587441022,0,2006.0,2838.0,1.0,False,-0.012525938837733203
0.05,100,12,0.053,0.05451070252479488,0.04205462112287459,0.06790674944506402,0.025852128322189423,0,5369.0,3373.0,1.0,True,0.0045107025247948795,0.054622374484839795,0.041003314004337085,0.06622719893496105,0.02522388493062397,0,1937.0,2553.0,1.0,True,0.004622374484839792
0.05,100,13,0.035,0.03673594212872203,0.02600250798223922,0.04753058361907209,0.021528075636832872,0,4800.0,3281.0,1.0,False,-0.013264057871277976,0.03637501984102184,0.025766770655567844,0.046554885938622066,0.020788115283054222,0,1420.0,2205.0,1.0,False,-0.013624980158978166
0.05,100,14,0.058,0.05958422120616953,0.04590043204555496,0.07250849834226855,0.02660806629671359,0,4753.0,3543.0,1.0,True,0.00958422120616953,0.058816744268912875,0.04571182064385037,0.0725530831049253,0.026841262461074926,0,2709.0,2596.0,1.0,True,0.008816744268912872
0.05,100,15,0.074,0.07537732758049222,0.060326319365285236,0.08996425715954676,0.02963793779426152,0,4946.0,3129.0,1.0,False,0.025377327580492215,0.07470607984265035,0.05975507776817177,0.08970941446948276,0.029954336701310987,0,2288.0,2226.0,1.0,False,0.024706079842650344
0.05,100,16,0.038,0.03964627826231933,0.027875141698341346,0.0515089575990553,0.023633815900713954,0,5796.0,3487.0,1.0,True,-0.01035372173768067,0.040536606919258956,0.02932362057950052,0.052023479434314124,0.022699858854813605,0,1017.0,1937.0,1.01,True,-0.009463393080741046
0.05,100,17,0.052,0.05354582619782666,0.040751805414236994,0.06627922859584438,0.02552742318160739,0,4888.0,3452.0,1.0,True,0.0035458261978266598,0.052714676246902535,0.04091557610595027,0.06537087292805027,0.0244552968221,0,2384.0,3042.0,1.0,True,0.0027146762469025323
0.05,100,18,0.049,0.05032685850226792,0.037654377789993414,0.06329924362690739,0.02564486583691398,0,4622.0,3274.0,1.0,True,0.0003268585022679141,0.05094289795588881,0.038319160227022406,0.06271751637685752,0.024398356149835113,0,1521.0,2306.0,1.01,True,0.0009428979558888106
0.05,100,19,0.037,0.03866616081467807,0.027557691429694376,0.04935764597004856,0.021799954540354185,0,4696.0,3446.0,1.0,False,-0.01133383918532193,0.038166544070176445,0.027709092697775228,0.04916911781703387,0.021460025119258642,0,1836.0,2588.0,1.0,False,-0.011833455929823558
0.05,100,20,0.05,0.051623044789111075,0.03934517145828351,0.06395857013865511,0.0246133986803716,0,4092.0,3381.0,1.0,True,0.0016230447891110722,0.05060529380090132,0.037652026592597816,0.06212410370628807,0.024472077113690253,0,2426.0,2897.0,1.0,True,0.0006052938009013173
0.05,100,21,0.072,0.0731421128707695,0.059308457599449124,0.08849089078892985,0.02918243318948073,0,6687.0,3503.0,1.0,False,0.02314211287076949,0.07338414567048582,0.05834268579695947,0.08755397466412385,0.029211288867164377,0,1678.0,2442.0,1.0,False,0.023384145670485815
0.05,100,22,0.045,0.04636474354737013,0.03449983821452934,0.058970056836109716,0.02447021862158038,5,5430.0,3125.0,1.0,True,-0.0036352564526298745,0.04700237366859861,0.03534237049316355,0.05903541258647166,0.02369304209330811,0,1491.0,2105.0,1.0,True,-0.0029976263314013957
0.05,100,23,0.06,0.06127609792769688,0.04737282162791612,0.07443577864145166,0.027062957013535546,0,4812.0,3344.0,1.0,True,0.011276097927696876,0.06082786354687402,0.04809461945583695,0.07498253758178096,0.02688791812594401,0,2624.0,2761.0,1.0,True,0.010827863546874018
0.05,100,24,0.058,0.05936388372084499,0.04605634380851263,0.07323016994926561,0.027173826140752977,0,5586.0,3310.0,1.0,True,0.009363883720844984,0.0597786785422242,0.04605675279973495,0.07308065893591952,0.027023906136184564,0,1126.0,1857.0,1.0,True,0.009778678542224195
0.1,20,0,0.11,0.11553765626770417,0.07642780958390655,0.1545702254348618,0.07814241585095524,0,5048.0,3730.0,1.0,True,0.015537656267704161,0.11456015415176013,0.0736209954909057,0.15164198384102037,0.07802098835011467,0,1928.0,2485.0,1.0,True,0.014560154151760124
0.1,20,1,0.11,0.11533879628305015,0.07526927248556116,0.1560823005770954,0.08081302809153425,0,4984.0,3432.0,1.0,True,0.01533879628305014,0.1153954703668305,0.07739063396813978,0.15783897571559852,0.08044834174745874,0,1554.0,2215.0,1.0,True,0.015395470366830491
0.1,20,2,0.055,0.06188802003617016,0.034950913378205675,0.09367138567350701,0.058720472295301335,0,4877.0,3454.0,1.0,False,-0.038111979963829846,0.060031102486034243,0.033202223077683245,0.09007242176264621,0.056870198684962965,0,1703.0,2938.0,1.0,False,-0.03996889751396576
0.1,20,3,0.075,0.0811499334484193,0.048026892126425476,0.11521406378527313,0.06718717165884766,0,4892.0,3577.0,1.0,True,-0.01885006655158071,0.07991628464687879,0.04739932840088173,0.1139952672372687,0.06659593883638698,0,1546.0,2392.0,1.0,True,-0.020083715353121215
0.1,20,4,0.065,0.0712921668331301,0.03967791888246967,0.10442536054691293,0.06474744166444325,0,4943.0,3326.0,1.0,True,-0.02870783316686991,0.0724339923730473,0.041297779412843766,0.10483255505068252,0.06353477563783876,0,1744.0,2603.0,1.0,True,-0.0275660076269527
0.1,20,5,0.115,0.11988742583965017,0.07960819823951022,0.1596034534543799,0.07999525521486968,0,5241.0,3459.0,1.0,True,0.01988742583965017,0.1217896861724273,0.08388492162834353,0.16365073214541148,0.07976581051706795,0,1560.0,2040.0,1.01,True,0.021789686172427297
0.1,20,6,0.075,0.08168869842615939,0.0487907906087057,0.11518764394645967,0.06639685333775397,0,4953.0,3482.0,1.0,True,-0.018311301573840616,0.07884695687606788,0.047770262890961174,0.11381819410500867,0.06604793121404749,0,1382.0,2417.0,1.01,True,-0.021153043123932125
0.1,20,7,0.07,0.07592695658643492,0.044538439150519735,0.11082650495673477,0.06628806580621503,0,5956.0,3250.0,1.0,True,-0.024073043413565087,0.07946347960720415,0.047597772171538294,0.1167914790136468,0.0691937068421085,0,1437.0,2195.0,1.0,True,-0.020536520392795854
0.1,20,8,0.11,0.11520241975755785,0.07710135136421035,0.15579211489692227,0.07869076353271191,0,6151.0,3733.0,1.0,True,0.015202419757557845,0.11457426111738597,0.07691516208573701,0.1541840685846982,0.07726890649896118,0,1948.0,2362.0,1.0,True,0.014574261117385967
0.1,20,9,0.12,0.12418905941013186,0.08424174662843342,0.16703113653436208,0.08278938990592866,0,5871.0,3281.0,1.0,True,0.024189059410131858,0.128997397208136,0.08942148607712355,0.17159755255586845,0.0821760664787449,0,1495.0,2159.0,1.0,True,0.02899739720813599
0.1,20,10,0.085,0.09157820914388894,0.056418726870691584,0.12521382388847543,0.06879509701778386,0,4535.0,3174.0,1.0,True,-0.00842179085611107,0.08787620920295225,0.0546526639623534,0.12223230426744446,0.06757964030509106,0,1941.0,2584.0,1.0,True,-0.012123790797047757
0.1,20,11,0.09,0.0949362995859934,0.05717666738873314,0.1312092772682175,0.07403260987948435,0,4782.0,3232.0,1.0,True,-0.005063700414006611,0.09685475798815679,0.06129141589237519,0.13443675704226363,0.07314534114988844,0,1472.0,2242.0,1.0,True,-0.0031452420118432134
0.1,20,12,0.115,0.12111247868479375,0.08252881174705876,0.16029625155012528,0.07776743980306652,0,4969.0,3544.0,1.0,True,0.02111247868479374,0.11640043906148034,0.07952387953499943,0.15703156007867103,0.0775076805436716,0,2108.0,2658.0,1.0,True,0.016400439061480337
0.1,20,13,0.06,0.06684872091045575,0.034093123149581246,0.09755296646808856,0.06345984331850732,0,5036.0,3410.0,1.0,False,-0.03315127908954425,0.0680244660892063,0.036180594593194476,0.09887596826972092,0.06269537367652644,0,950.0,1536.0,1.0,False,-0.031975533910793705
0.1,20,14,0.13,0.13446802274385614,0.09328206407181179,0.17886171047457175,0.08557964640275996,0,6241.0,2927.0,1.0,True,0.03446802274385613,0.1382183226737987,0.09488200961685352,0.18192147953148197,0.08703946991462845,0,1542.0,2446.0,1.0,True,0.03821832267379868
0.1,20,15,0.08,0.08665781170298371,0.05230275485509581,0.12340597060721499,0.07110321575211918,0,5570.0,3191.0,1.0,True,-0.013342188297016291,0.0858401533283487,0.05052431024021906,0.12066428280818205,0.07013997256796298,0,1337.0,2087.0,1.0,True,-0.014159846671651308
0.1,20,16,0.11,0.11467555896395845,0.07566177673945446,0.15647376905772728,0.08081199231827282,0,4740.0,3356.0,1.0,True,0.014675558963958446,0.11758432302774713,0.07971021422948979,0.16277683566231588,0.08306662143282609,0,1595.0,2496.0,1.01,True,0.017584323027747123
0.1,20,17,0.08,0.08610760206896788,0.05255701760067986,0.12246640930924023,0.06990939170856036,0,5602.0,3471.0,1.0,True,-0.013892397931032127,0.08751615660722811,0.053049757628598405,0.1220820901263082,0.06903233249770979,0,1277.0,2016.0,1.0,True,-0.012483843392771893
0.1,20,18,0.085,0.09048284351646521,0.05507328665353768,0.12804513473820017,0.07297184808466249,0,5212.0,2931.0,1.0,True,-0.009517156483534794,0.09434247506032853,0.05788265588992462,0.133413404386307,0.07553074849638239,0,1466.0,2033.0,1.01,True,-0.005657524939671477
0.1,20,19,0.15,0.1537679831832885,0.1110443450131772,0.20162608783814898,0.09058174282497178,0,4885.0,2952.0,1.0,False,0.05376798318328849,0.15794608930420476,0.1142400746539392,0.20659117088888662,0.09235109623494742,0,1694.0,2466.0,1.0,False,0.05794608930420475
0.1,20,20,0.165,0.1698840925681795,0.12589550847504488,0.20958301020212586,0.08368750172708098,0,4300.0,3263.0,1.0,False,0.06988409256817948,0.16636954857846378,0.12554090702623807,0.20892099311352436,0.08338008608728628,0,3001.0,3137.0,1.0,False,0.06636954857846378
0.1,20,21,0.115,0.12027379898448205,0.08411929917268124,0.16088191180346412,0.07676261263078288,0,4638.0,3110.0,1.0,True,0.020273798984482047,0.11930281230331616,0.07850855006408192,0.1587195954762281,0.08021104541214619,0,2237.0,2842.0,1.0,True,0.019302812303316152
0.1,20,22,0.075,0.0813033492681037,0.04659587824466675,0.11498227369779448,0.06838639545312773,0,5183.0,3759.0,1.0,True,-0.018696650731896303,0.08087183820487297,0.0479725478707456,0.11423665132936292,0.06626410345861733,0,1521.0,2500.0,1.0,True,-0.01912816179512704
0.1,20,23,0.105,0.11035782148016701,0.07105752894909549,0.15044456939218254,0.07938704044308705,0,5039.0,3576.0,1.0,True,0.010357821480167007,0.10917550949007201,0.06871032643509592,0.14609177116875113,0.07738144473365521,0,1605.0,2708.0,1.0,True,0.009175509490072009
0.1,20,24,0.125,0.12997934532458028,0.08874092649370266,0.1705009027178761,0.08175997622417344,0,5218.0,3309.0,1.0,True,0.02997934532458027,0.12717779052990683,0.086995687499938,0.17168129674783317,0.08468560924789517,0,1733.0,2332.0,1.0,True,0.02717779052990682
0.1,50,0,0.11,0.11175608638441466,0.08745944315122521,0.1372244420327738,0.0497649988815486,0,4846.0,3317.0,1.0,True,0.011756086384414652,0.11234965048416304,0.08711614569489066,0.13720101819820796,0.05008487250331729,0,1484.0,2214.0,1.0,True,0.012349650484163033
0.1,50,1,0.1,0.10254927279359867,0.08009212834410107,0.12592771669062405,0.04583558834652299,0,4966.0,3654.0,1.0,True,0.002549272793598664,0.1013710570216956,0.07780755034545835,0.1261982497204334,0.048390699374975046,0,1958.0,2244.0,1.0,True,0.0013710570216955986
0.1,50,2,0.118,0.11990510529033085,0.09667316197065601,0.14415460229580032,0.047481440325144314,0,4325.0,3295.0,1.0,True,0.01990510529033085,0.11935054720084608,0.09487339341342374,0.14408732384163114,0.0492139304282074,0,2642.0,2923.0,1.0,True,0.01935054720084607
0.1,50,3,0.08,0.08242964065493663,0.06158269642695458,0.10521749411129111,0.04363479768433653,0,4584.0,3376.0,1.0,True,-0.017570359345063374,0.08216343658083826,0.0616321011423174,0.10532789954574137,0.04369579840342397,0,1991.0,2646.0,1.0,True,-0.017836563419161747
0.1,50,4,0.084,0.08675704602916838,0.06441892532003043,0.10959841367833054,0.0451794883583001,0,5333.0,3551.0,1.0,True,-0.013242953970831625,0.08585164668890004,0.0649110396911914,0.1088041402187701,0.04389310052757871,0,1597.0,2134.0,1.0,True,-0.014148353311099968
0.1,50,5,0.128,0.12970895630037765,0.10183715619138038,0.15684332894049724,0.05500617274911686,0,5927.0,3374.0,1.0,False,0.029708956300377648,0.13145863026883495,0.10360222420439082,0.1586255394969614,0.05502331529257058,0,1351.0,2016.0,1.0,False,0.03145863026883494
0.1,50,6,0.092,0.09413360503250581,0.07177414460859063,0.11698318013375607,0.045209035525165434,0,4361.0,3344.0,1.0,True,-0.005866394967494193,0.09355969016804107,0.06997080749381569,0.11561927054140274,0.045648463047587046,0,2227.0,3040.0,1.0,True,-0.0064403098319589375
0.1,50,7,0.134,0.13609927949260536,0.10989642655274331,0.1636057408687584,0.05370931431601508,0,6119.0,3792.0,1.0,False,0.03609927949260536,0.1359097635996022,0.11088603953138938,0.16479236040371256,0.05390632087232318,0,1643.0,2365.0,1.0,False,0.035909763599602185
0.1,50,8,0.116,0.11789957657375308,0.09193834176220696,0.14238211982581467,0.05044377806360771,0,4989.0,3449.0,1.0,True,0.017899576573753073,0.11798988179643623,0.09135409418585785,0.14203506178937508,0.05068096760351723,0,1853.0,2418.0,1.0,True,0.017989881796436222
0.1,50,9,0.076,0.07858542474134295,0.056565168048191436,0.10007955905454292,0.04351439100635149,0,4834.0,3356.0,1.0,True,-0.02141457525865706,0.07902005997944599,0.05712333384823054,0.10189929404025509,0.04477596019202455,0,1556.0,2067.0,1.0,True,-0.02097994002055402
0.1,50,10,0.124,0.1259419838260021,0.10096483073456484,0.15224139159197,0.05127656085740516,0,5637.0,3469.0,1.0,False,0.025941983826002102,0.12696461737727832,0.10066627707346423,0.15369254144075767,0.053026264367293435,0,1642.0,2506.0,1.0,False,0.026964617377278316
0.1,50,11,0.078,0.08065987514411466,0.059598809716603966,0.10253618511185542,0.04293737539525145,1,4738.0,3501.0,1.0,True,-0.01934012485588535,0.07979017246816046,0.059179250355366975,0.10158976671875472,0.042410516363387746,0,1970.0,2867.0,1.0,True,-0.020209827531839544
0.1,50,12,0.096,0.09808815319811523,0.07542495678998003,0.12089299101223126,0.045468034222251236,0,4829.0,3304.0,1.0,True,-0.0019118468018847756,0.09734045586086125,0.0750762630641167,0.12032134363832178,0.04524508057420508,0,2241.0,2914.0,1.0,True,-0.002659544139138756
0.1,50,13,0.096,0.09831834483296475,0.07483873269078173,0.1230391747309251,0.04820044204014337,0,4822.0,3325.0,1.0,True,-0.0016816551670352509,0.09771595000793706,0.07434662874707397,0.12095477846549482,0.04660814971842085,0,1954.0,2626.0,1.0,True,-0.002284049992062942
0.1,50,14,0.088,0.09025385393123961,0.06688028098614465,0.1128133839715138,0.04593310298536915,0,5520.0,3064.0,1.0,True,-0.009746146068760397,0.09126826128975934,0.06843518235078297,0.11481783558934183,0.04638265323855886,0,1558.0,2204.0,1.0,True,-0.00873173871024066
0.1,50,15,0.134,0.13601637982736184,0.1086212587381682,0.16254724615865482,0.05392598742048661,0,5799.0,3438.0,1.0,False,0.03601637982736183,0.13597540959870374,0.10669013689446341,0.16268271994834155,0.05599258305387814,0,1699.0,1910.0,1.0,False,0.03597540959870374
0.1,50,16,0.098,0.09994778357735419,0.07470907659394087,0.1243829484912894,0.04967387189734854,0,5786.0,3520.0,1.0,True,-5.221642264581494e-05,0.10064077794034865,0.07543348085442265,0.1249080474844371,0.04947456663001444,0,1512.0,2252.0,1.0,True,0.0006407779403486413
0.1,50,17,0.12,0.12235422411778175,0.09445954933156413,0.14698627716722512,0.052526727835660994,0,5041.0,3455.0,1.0,True,0.02235422411778175,0.12165297366459435,0.09684892109945485,0.14697685997229054,0.05012793887283569,0,2085.0,2971.0,1.0,True,0.021652973664594344
0.1,50,18,0.13,0.13230953714105795,0.10810927696609182,0.16171269889264836,0.05360342192655654,0,5175.0,3571.0,1.0,False,0.03230953714105794,0.13114156299011143,0.10534813705678196,0.15767279703750572,0.05232465998072376,0,1965.0,2428.0,1.0,False,0.03114156299011142
0.1,50,19,0.126,0.12785020461678812,0.10146641252892692,0.15272239222299838,0.05125597969407146,0,4722.0,3690.0,1.0,False,0.02785020461678811,0.12730105493173893,0.1018203414678173,0.15167905939578324,0.04985871792796595,0,2125.0,2561.0,1.0,False,0.027301054931738927
0.1,50,20,0.116,0.11777048576887408,0.09206904042660036,0.14503296573521643,0.05296392530861607,0,5285.0,2900.0,1.0,True,0.017770485768874078,0.11944602499269535,0.09414252098317336,0.14567465689288747,0.051532135909714116,0,1472.0,2275.0,1.0,True,0.01944602499269535
0.1,50,21,0.11,0.11201223691213343,0.08690539975565763,0.1372358662542234,0.050330466498565776,0,5076.0,3725.0,1.0,True,0.01201223691213342,0.11270582683179012,0.08753477230334904,0.1386189276261629,0.051084155322813865,0,1587.0,2109.0,1.0,True,0.012705826831790112
0.1,50,22,0.126,0.12800977724747298,0.10110765842477959,0.1572471639106058,0.05613950548582622,0,6541.0,3306.0,1.0,False,0.028009777247472972,0.12822987352411988,0.10012556476377059,0.15421455551657565,0.05408899075280506,0,1444.0,2342.0,1.0,False,0.028229873524119875
0.1,50,23,0.122,0.12426060647832257,0.09781913693842079,0.15136820134910317,0.053549064410682384,0,5050.0,3604.0,1.0,True,0.024260606478322566,0.12415083112782153,0.09683750786800678,0.14937169047307727,0.05253418260507049,0,1523.0,2100.0,1.0,True,0.02415083112782153
0.1,50,24,0.086,0.08889232780559038,0.06675074549267614,0.11037692634986,0.043626180857183866,0,4363.0,3555.0,1.0,True,-0.011107672194409626,0.08728166797404108,0.06698202656353487,0.11025363129862881,0.043271604735093935,0,2070.0,2923.0,1.0,True,-0.012718332025958928
0.1,100,0,0.071,0.07229966785786318,0.05768167447119144,0.08804884984505344,0.030367175373862,0,6657.0,3843.0,1.0,False,-0.027700332142136824,0.07262842058184332,0.05765682971649049,0.08656969365679786,0.028912863940307364,0,2190.0,2326.0,1.0,False,-0.027371579418156683
0.1,100,1,0.105,0.1061713393035082,0.08852631857360846,0.12332284370173861,0.034796525128130154,0,5340.0,3301.0,1.0,True,0.006171339303508189,0.10604192202430604,0.08920686877641669,0.12518859780056427,0.03598172902414758,0,1590.0,2508.0,1.0,True,0.0060419220243060345
0.1,100,2,0.096,0.09715940764643687,0.08050239564105402,0.11410222757618403,0.03359983193513001,0,4778.0,3330.0,1.0,True,-0.00284059235356314,0.0968131725476012,0.08059416695555559,0.11380569709634458,0.033211530140788995,0,2464.0,2321.0,1.0,True,-0.003186827452398802
0.1,100,3,0.116,0.11710780151609879,0.09876181798621207,0.1341908047383608,0.03542898675214874,0,5381.0,3411.0,1.0,True,0.01710780151609878,0.11727453592069619,0.09994534902207829,0.13685052351123478,0.03690517448915649,0,2036.0,2509.0,1.0,True,0.01727453592069618
0.1,100,4,0.098,0.09922179436388237,0.08301714659003497,0.11656228918888407,0.03354514259884911,0,5058.0,3331.0,1.0,True,-0.0007782056361176348,0.0990002144442227,0.08341446134259817,0.11674177166881877,0.033327310326220605,0,2099.0,2535.0,1.0,True,-0.0009997855557773022
0.1,100,5,0.107,0.10796179639734456,0.09066736368292659,0.12542456080794753,0.03475719712502094,0,4521.0,3542.0,1.0,True,0.007961796397344553,0.10780607884103452,0.09028440543512184,0.1258886412205076,0.03560423578538577,0,1613.0,2630.0,1.0,True,0.007806078841034514
0.1,100,6,0.086,0.08724356714457128,0.07135560341489601,0.10299611450879709,0.03164051109390108,0,4786.0,3650.0,1.0,True,-0.012756432855428726,0.08666708594893745,0.07123979408276818,0.10238022820479642,0.031140434122028243,0,2528.0,2938.0,1.0,True,-0.013332914051062558
0.1,100,7,0.091,0.092266010175781,0.07595945839457138,0.10970815966368816,0.033748701269116776,0,5249.0,2988.0,1.0,True,-0.007733989824219009,0.09234545625474959,0.07641012357858365,0.10866038460587152,0.03225026102728787,0,2022.0,2473.0,1.0,True,-0.007654543745250417
0.1,100,8,0.11,0.11116886575049184,0.09444798041846458,0.12905034618311703,0.03460236576465245,0,4744.0,3286.0,1.0,True,0.011168865750491835,0.11057654585213575,0.0936223125110644,0.12853722690377747,0.034914914392713076,0,2455.0,2692.0,1.0,True,0.010576545852135744
0.1,100,9,0.102,0.10310388888029132,0.08723587212021014,0.1201529445475451,0.032917072427334965,0,5336.0,3656.0,1.0,True,0.003103888880291311,0.10308364279691952,0.08573836147875827,0.12055614218228992,0.034817780703531656,0,2817.0,2773.0,1.0,True,0.003083642796919514
0.1,100,10,0.116,0.11699368228946361,0.10013286157360819,0.13496783792549566,0.03483497635188747,0,4223.0,3289.0,1.0,False,0.016993682289463602,0.11674788305845539,0.0995774947179661,0.1346169636723786,0.0350394689544125,0,2572.0,2827.0,1.0,True,0.016747883058455384
0.1,100,11,0.093,0.09426007534977549,0.07965730456937868,0.1106533314507905,0.030996026881411815,0,4898.0,3386.0,1.0,True,-0.0057399246502245205,0.09353495873621562,0.07833443004210505,0.11006487140321164,0.03173044136110659,0,3842.0,2456.0,1.0,True,-0.006465041263784388
0.1,100,12,0.099,0.10015919551298728,0.08302634075486613,0.11689551407227175,0.03386917331740562,0,4662.0,3541.0,1.0,True,0.00015919551298727852,0.09946412527308059,0.08261572067136692,0.11552908424808601,0.03291336357671909,0,3124.0,2826.0,1.0,True,-0.0005358747269194192
0.1,100,13,0.104,0.1050336620399014,0.0876203052152451,0.12249832897287012,0.034878023757625026,0,5374.0,3370.0,1.0,True,0.005033662039901396,0.10542761545094245,0.08896726074449998,0.12302040143841902,0.03405314069391904,0,1785.0,2165.0,1.0,True,0.005427615450942447
0.1,100,14,0.096,0.0970278076667237,0.08012010788976044,0.11326176601207052,0.03314165812231008,0,4420.0,3325.0,1.0,True,-0.002972192333276308,0.09680381511064132,0.08027702289803729,0.11398967503945205,0.033712652141414765,0,2333.0,2585.0,1.0,True,-0.0031961848893586886
0.1,100,15,0.085,0.08622994219483361,0.06926024677519485,0.1021572098331395,0.03289696305794465,0,4397.0,3304.0,1.0,True,-0.013770057805166394,0.08606612058388609,0.07041403298037432,0.10243759873093103,0.032023565750556704,0,2404.0,2674.0,1.0,True,-0.013933879416113917
0.1,100,16,0.099,0.10010689088106058,0.08274317443404078,0.11643422684081262,0.03369105240677184,0,5503.0,3549.0,1.0,True,0.0001068908810605701,0.10046603372013195,0.08446269746547175,0.11833947025494229,0.033876772789470544,0,1709.0,2507.0,1.0,True,0.0004660337201319448
0.1,100,17,0.081,0.08239369271745493,0.06801411829473779,0.09773243021320614,0.029718311918468354,0,5115.0,2803.0,1.0,False,-0.017606307282545072,0.08170586792090881,0.06632413290805846,0.09757100884653597,0.03124687593847751,0,2943.0,2906.0,1.0,False,-0.018294132079091197
0.1,100,18,0.09,0.09121442581947221,0.07594916505498493,0.10765639475796857,0.03170722970298363,0,4656.0,3330.0,1.0,True,-0.008785574180527791,0.09055614920554618,0.07568756731931417,0.10647111037468811,0.030783543055373938,0,2354.0,2661.0,1.0,True,-0.009443850794453826
0.1,100,19,0.141,0.14196955178678494,0.12293085839459421,0.1621086256161047,0.03917776722151049,0,4842.0,3106.0,1.0,False,0.04196955178678494,0.14115046015977759,0.1217735768379392,0.1605293066574248,0.03875572981948559,0,2785.0,2604.0,1.0,False,0.04115046015977758
0.1,100,20,0.085,0.08643752555105928,0.07128134773562549,0.10237198725747995,0.031090639521854466,0,4942.0,2956.0,1.0,True,-0.013562474448940723,0.0857867065259536,0.07111449156223672,0.10193987141192752,0.030825379849690804,0,2758.0,3010.0,1.0,True,-0.014213293474046401
0.1,100,21,0.084,0.08517514492850813,0.06925759139101022,0.10278203725712672,0.0335244458661165,0,6512.0,3128.0,1.0,True,-0.01482485507149188,0.08590383232549174,0.06987802176163883,0.10157154705450498,0.03169352529286615,0,1643.0,2404.0,1.0,True,-0.014096167674508261
0.1,100,22,0.108,0.10923600275458463,0.09275863862705493,0.1271379641731191,0.03437932554606417,0,4498.0,3460.0,1.0,True,0.009236002754584624,0.10898544401944338,0.09064606920535702,0.12618187135592102,0.035535802150564,0,2766.0,2705.0,1.0,True,0.008985444019443373
0.1,100,23,0.099,0.09997210967382615,0.08252916111175232,0.11579499146350633,0.03326583035175401,0,5620.0,3716.0,1.0,True,-2.789032617385445e-05,0.10032971427065164,0.08303195071206465,0.11830215823108865,0.035270207519024,0,1994.0,2333.0,1.0,True,0.00032971427065163483
0.1,100,24,0.102,0.10312239527646516,0.08517301035228947,0.12002419545763504,0.03485118510534557,0,6065.0,3375.0,1.0,True,0.0031223952764651564,0.10298968518257155,0.08547548038473807,0.12079307205126152,0.03531759166652346,0,2262.0,2580.0,1.0,True,0.002989685182571547
0.3,20,0,0.31,0.3115791728345097,0.2534457113332082,0.3671613055326837,0.11371559419947552,0,5665.0,3359.0,1.0,True,0.01157917283450971,0.3118659588751648,0.2552448075244684,0.36924696473047913,0.11400215720601076,0,2266.0,3192.0,1.0,True,0.011865958875164784
0.3,20,1,0.28,0.2825358951217884,0.22365382964795907,0.3390041438483502,0.11535031420039113,0,6438.0,3114.0,1.0,True,-0.017464104878211595,0.2873183070728453,0.2297356508150029,0.34823410387858716,0.11849845306358425,0,1465.0,1892.0,1.0,True,-0.012681692927154709
0.3,20,2,0.33,0.3318927218286394,0.26875407801914375,0.3914882596883773,0.12273418166923356,0,6243.0,3485.0,1.0,True,0.03189272182863939,0.33386427514557393,0.27261682818660066,0.39565301748896,0.12303618930235932,0,1681.0,2107.0,1.0,True,0.03386427514557394
0.3,20,3,0.405,0.40583721513156146,0.35050686091059274,0.46645155467943966,0.11594469376884692,0,4151.0,2904.0,1.0,False,0.10583721513156147,0.4045805946758639,0.346966319485402,0.46161156631492245,0.11464524682952043,0,3565.0,3129.0,1.0,False,0.10458059467586389
0.3,20,4,0.305,0.306159881545388,0.24416438343450816,0.36831521747131635,0.12415083403680818,0,6663.0,2474.0,1.0,True,0.006159881545387991,0.3069688535404324,0.24747581077023653,0.3668492721537017,0.11937346138346519,0,1628.0,2043.0,1.0,True,0.006968853540432418
0.3,20,5,0.33,0.3314638036366582,0.2755144693474587,0.3965280218538594,0.12101355250640067,0,6579.0,3447.0,1.0,True,0.03146380363665824,0.3327096217307444,0.27183786513383795,0.3895090457082597,0.11767118057442177,0,1680.0,2399.0,1.0,True,0.03270962173074443
0.3,20,6,0.27,0.27225374771808913,0.21654493643672332,0.3270991852206418,0.11055424878391848,0,5674.0,3225.0,1.0,True,-0.027746252281910855,0.2729720234010425,0.2207000659777336,0.32852132025287717,0.10782125427514358,0,2410.0,2637.0,1.0,True,-0.027027976598957504
0.3,20,7,0.265,0.26715482816546116,0.2137231489804502,0.3265590736458799,0.11283592466542969,0,7618.0,3763.0,1.0,True,-0.03284517183453883,0.2691251848163399,0.21357989546961842,0.32182766618311964,0.10824777071350122,0,1752.0,2265.0,1.0,True,-0.030874815183660087
0.3,20,8,0.32,0.32146277347444424,0.2660625119953003,0.3786403268568875,0.11257781486158719,0,5743.0,2976.0,1.0,True,0.021462773474444252,0.32145735764504213,0.2616900175817007,0.3802347601659011,0.11854474258420039,0,2551.0,2691.0,1.0,True,0.02145735764504214
0.3,20,9,0.295,0.29713757567679944,0.2415959766982618,0.35473883243253646,0.11314285573427466,0,4972.0,3066.0,1.0,True,-0.002862424323200552,0.2959272335689406,0.2407492554522803,0.3575889491426584,0.11683969369037808,0,2406.0,2405.0,1.0,True,-0.004072766431059416
0.3,20,10,0.325,0.32669648626842646,0.26470625558840516,0.3872669091984695,0.12256065361006435,0,6591.0,3355.0,1.0,True,0.026696486268426467,0.33029312344513356,0.2702854380636289,0.3868543845216455,0.11656894645801658,0,2126.0,2535.0,1.0,True,0.030293123445133574
0.3,20,11,0.295,0.29685546807665675,0.24235398485843215,0.3579095009882416,0.11555551612980944,0,5598.0,3382.0,1.0,True,-0.003144531923343241,0.29689330084319127,0.2420275767662768,0.35659551786767046,0.11456794110139368,0,2142.0,2498.0,1.0,True,-0.003106699156808723
0.3,20,12,0.265,0.267721087725946,0.21445064942789413,0.3210336234433014,0.10658297401540726,0,4613.0,3357.0,1.0,True,-0.032278912274053995,0.2695142441770304,0.21469298695402037,0.32569472860361015,0.11100174164958979,0,2449.0,2771.0,1.0,True,-0.030485755822969585
0.3,20,13,0.38,0.3811343660058145,0.3245262613960159,0.4394584990861272,0.1149322376901113,0,4522.0,3083.0,1.0,False,0.08113436600581453,0.38225128445911516,0.3205153590285868,0.4420050780924446,0.1214897190638578,0,3891.0,3071.0,1.0,False,0.08225128445911517
0.3,20,14,0.42,0.4204693959562461,0.3568762299531037,0.4806895864801319,0.12381335652702818,0,4954.0,3270.0,1.0,False,0.12046939595624612,0.4207578856742068,0.3549394717180402,0.48219405619381056,0.12725458447577037,0,2796.0,2884.0,1.0,False,0.12075788567420681
0.3,20,15,0.285,0.28752998908109123,0.23025602327296332,0.3440583880588755,0.11380236478591219,0,6565.0,3372.0,1.0,True,-0.012470010918908758,0.28903569146380903,0.23346734206384384,0.3470459329741875,0.11357859091034367,0,2057.0,2434.0,1.0,True,-0.010964308536190959
0.3,20,16,0.29,0.2927244349708615,0.239388453263938,0.3484147698496964,0.10902631658575837,0,4188.0,3170.0,1.0,True,-0.007275565029138509,0.2912584188367756,0.23467630259778516,0.3454317479287348,0.11075544533094966,0,3054.0,2787.0,1.0,True,-0.008741581163224377
0.3,20,17,0.235,0.23763132112029275,0.18581535304086585,0.28925448933601144,0.10343913629514559,0,5111.0,3119.0,1.0,False,-0.062368678879707234,0.23851724336168564,0.18535113268234713,0.2927565266291278,0.1074053939467807,0,2122.0,2595.0,1.0,False,-0.061482756638314345
0.3,20,18,0.255,0.25753920021225973,0.20444369960522862,0.31456882846095996,0.11012512885573134,0,6230.0,3107.0,1.0,True,-0.042460799787740255,0.2583679529916014,0.20733507870796522,0.3175015324592514,0.11016645375128617,0,2072.0,2446.0,1.0,True,-0.041632047008398565
0.3,20,19,0.305,0.30695712261326985,0.24786342136795378,0.36692910714673344,0.11906568577877966,0,6571.0,2698.0,1.0,True,0.006957122613269862,0.3100512236574185,0.24655220144873297,0.36990576154095756,0.12335356009222459,0,1406.0,2061.0,1.0,True,0.010051223657418507
0.3,20,20,0.285,0.2872275441139586,0.22907256085172537,0.3469855474176462,0.11791298656592084,0,7543.0,2649.0,1.0,True,-0.012772455886041367,0.2880375766006427,0.23234161699751335,0.34376623609672496,0.11142461909921161,0,1795.0,2368.0,1.0,True,-0.01196242339935727
0.3,20,21,0.305,0.3076301052549661,0.251113977905258,0.36509950775626887,0.11398552985101085,0,5485.0,3538.0,1.0,True,0.007630105254966102,0.3074164907004075,0.2504514900959817,0.36791119231168007,0.11745970221569835,0,2203.0,2600.0,1.0,True,0.007416490700407508
0.3,20,22,0.315,0.3167206618483559,0.26087628933713614,0.37333480517226775,0.11245851583513161,0,4040.0,2988.0,1.0,True,0.01672066184835591,0.3146087003011772,0.25415187950250145,0.3696999008494086,0.11554802134690717,0,2878.0,2841.0,1.0,True,0.014608700301177224
0.3,20,23,0.285,0.28759700796407567,0.23165110317298182,0.34431502040464285,0.11266391723166103,0,5938.0,3124.0,1.0,True,-0.01240299203592432,0.28690976044203886,0.2308293598820016,0.3430419777827647,0.11221261790076309,0,2297.0,2432.0,1.0,True,-0.013090239557961125
0.3,20,24,0.26,0.26270201714547253,0.20876381631659077,0.31760430016639135,0.10884048384980058,0,5021.0,3185.0,1.0,True,-0.037297982854527456,0.2626243219140869,0.2105551453381994,0.3226135223391344,0.11205837700093496,0,1969.0,2497.0,1.0,True,-0.03737567808591308
0.3,50,0,0.294,0.2949859471446074,0.2610552778596678,0.33247434130081216,0.07141906344114435,0,4875.0,3037.0,1.0,True,-0.005014052855392581,0.29539488392792296,0.2592767614008225,0.3307660231071278,0.07148926170630532,0,2078.0,2591.0,1.0,True,-0.004605116072077031
0.3,50,1,0.302,0.3034078003127747,0.26630349581903767,0.33980172651537344,0.07349823069633576,0,5464.0,3194.0,1.0,True,0.0034078003127747114,0.3028812670257104,0.265227764087111,0.33788362080893214,0.07265585672182112,0,2519.0,2476.0,1.0,True,0.002881267025710399
0.3,50,2,0.298,0.29904143322099597,0.26127344655746876,0.3370013426906823,0.07572789613321357,0,7009.0,3152.0,1.0,True,-0.000958566779004022,0.30005861913753223,0.2641231204250748,0.33877799220157934,0.07465487177650454,0,1520.0,1945.0,1.0,True,5.861913753224535e-05
0.3,50,3,0.276,0.27698183759089134,0.2405780241668339,0.3110469973345267,0.07046897316769277,0,5646.0,3033.0,1.0,True,-0.023018162409108645,0.2771937781497486,0.241555031313132,0.31286958509120416,0.07131455377807217,0,1887.0,2296.0,1.0,True,-0.022806221850251385
0.3,50,4,0.316,0.31629672970114653,0.2807043137240524,0.35372014872714497,0.07301583500309256,0,6154.0,3466.0,1.0,True,0.01629672970114654,0.31618520959652113,0.2790404446233298,0.3524478230397687,0.0734073784164389,0,2163.0,2575.0,1.0,True,0.016185209596521144
0.3,50,5,0.326,0.32677409275677805,0.28830809688666037,0.363569559056947,0.07526146217028662,0,5289.0,2555.0,1.0,True,0.026774092756778056,0.3270565667171519,0.29210780687464893,0.3667211975692813,0.07461339069463235,0,2270.0,2484.0,1.0,True,0.027056566717151898
0.3,50,6,0.264,0.2649496476165446,0.22938501624556218,0.3001205518288456,0.07073553558328344,0,6082.0,3039.0,1.0,True,-0.035050352383455385,0.26582015366581035,0.23276027160483825,0.3022119351609324,0.06945166355609417,0,1717.0,2499.0,1.0,True,-0.034179846334189634
0.3,50,7,0.332,0.3332493773103796,0.2954305411930918,0.3711466797363105,0.07571613854321868,0,6456.0,3196.0,1.0,True,0.033249377310379635,0.3323510102619803,0.29639176949331353,0.37031088286751335,0.07391911337419982,0,2112.0,2651.0,1.0,True,0.032351010261980284
0.3,50,8,0.25,0.2509374317137686,0.217678308642087,0.28373406625105596,0.06605575760896895,0,5016.0,3199.0,1.0,False,-0.0490625682862314,0.25164166983058306,0.21736274367777073,0.2862017737787794,0.0688390301010087,0,2236.0,2525.0,1.0,False,-0.04835833016941693
0.3,50,9,0.3,0.30105287936075864,0.26351223302699817,0.3418480789929083,0.07833584596591014,0,6426.0,3345.0,1.0,True,0.0010528793607586517,0.30121407721937615,0.2632433244179079,0.33794485806226116,0.07470153364435328,0,1486.0,2265.0,1.0,True,0.001214077219376164
0.3,50,10,0.36,0.36017439662660605,0.32230553975781023,0.3965277355533469,0.07422219579553668,0,4604.0,2623.0,1.0,False,0.060174396626606064,0.3593660565369514,0.32234345305886536,0.3962455695919438,0.07390211653307843,0,3141.0,3339.0,1.0,False,0.05936605653695143
0.3,50,11,0.298,0.2983124014434542,0.2621608582143811,0.333363738920173,0.0712028807057919,0,5091.0,3388.0,1.0,True,-0.0016875985565457663,0.2982563602782337,0.26054289181606777,0.33439234969835724,0.07384945788228947,0,2053.0,2419.0,1.0,True,-0.001743639721766277
0.3,50,12,0.304,0.3046449606016801,0.2658788973672273,0.34193848730709386,0.07605958993986656,0,5711.0,2743.0,1.0,True,0.004644960601680126,0.30577181025609884,0.27037627158489086,0.3429119329959031,0.07253566141101225,0,1853.0,2330.0,1.0,True,0.005771810256098853
0.3,50,13,0.294,0.29498171703387366,0.2587265150827574,0.3292200055935705,0.0704934905108131,0,4841.0,3398.0,1.0,True,-0.005018282966126331,0.29355815674060465,0.25585017253089143,0.32784589652416884,0.07199572399327742,0,2549.0,2872.0,1.0,True,-0.006441843259395341
0.3,50,14,0.274,0.2750984623756821,0.23808737293411308,0.31058968800870107,0.07250231507458799,0,4627.0,3140.0,1.0,True,-0.024901537624317904,0.2743583101222749,0.23871455172937658,0.30903653978920004,0.07032198805982345,0,2320.0,2653.0,1.0,True,-0.025641689877725082
0.3,50,15,0.31,0.31057979032202465,0.2748631914953293,0.347133790694576,0.07227059919924672,0,4959.0,3014.0,1.0,True,0.010579790322024663,0.31129044245267334,0.2734012272454012,0.346514923043537,0.07311369579813576,0,2356.0,2585.0,1.0,True,0.011290442452673355
0.3,50,16,0.298,0.29874764198586357,0.2617306690068585,0.33629061495671086,0.07455994594985238,0,6140.0,3239.0,1.0,True,-0.0012523580141364232,0.2996296974615575,0.26422971021378017,0.3383210725157054,0.07409136230192526,0,1349.0,2045.0,1.0,True,-0.00037030253844250183
0.3,50,17,0.286,0.28674923379392603,0.2528012030826941,0.31967537115019745,0.06687416806750335,0,4689.0,3362.0,1.0,True,-0.01325076620607396,0.2877776359029828,0.25182585509830585,0.32206112299297274,0.07023526789466689,0,3383.0,3264.0,1.0,True,-0.012222364097017213
0.3,50,18,0.276,0.2770268927923881,0.24100744767880436,0.31087525818693307,0.06986781050812871,0,5035.0,3167.0,1.0,True,-0.022973107207611865,0.2769288031209548,0.24083183092559304,0.3092821321450075,0.06845030121941445,0,2822.0,3052.0,1.0,True,-0.023071196879045186
0.3,50,19,0.328,0.3288226376200301,0.29290595264591723,0.3665395029732539,0.07363355032733665,0,4865.0,3056.0,1.0,True,0.028822637620030123,0.32843233671218547,0.2914267287039096,0.36473874241750404,0.07331201371359441,0,2468.0,2665.0,1.0,True,0.02843233671218548
0.3,50,20,0.232,0.23348763931386401,0.20014232148012173,0.267862913645788,0.06772059216566628,0,6366.0,3696.0,1.0,False,-0.06651236068613597,0.23389535257059196,0.2022305285432956,0.26994598242326073,0.06771545387996514,0,1724.0,2403.0,1.0,False,-0.06610464742940803
0.3,50,21,0.336,0.33678099882060175,0.2978881250873725,0.3734685541437191,0.0755804290563466,0,5223.0,3197.0,1.0,True,0.03678099882060176,0.33775362876096715,0.2997271290753647,0.3768262501155701,0.07709912104020539,0,1429.0,1756.0,1.0,True,0.03775362876096716
0.3,50,22,0.29,0.2910368556892829,0.2536979793764067,0.3265565157704204,0.07285853639401368,0,6897.0,2637.0,1.0,True,-0.008963144310717097,0.292319073591044,0.2557891447128103,0.33023404950812046,0.07444490479531019,0,1210.0,2010.0,1.0,True,-0.0076809264089560125
0.3,50,23,0.318,0.3184852440785126,0.27964270440722067,0.3555475580831143,0.07590485367589361,0,4957.0,2378.0,1.0,True,0.018485244078512597,0.3191661101691296,0.28357424360615835,0.3577412449256898,0.07416700131953147,0,1144.0,1951.0,1.01,True,0.019166110169129613
0.3,50,24,0.296,0.29705673917567443,0.26485010991743907,0.3343376753517784,0.06948756543433932,0,4965.0,3378.0,1.0,True,-0.0029432608243255554,0.29507680868628994,0.26128098681433515,0.33267583266589584,0.0713948458515607,0,2648.0,2637.0,1.0,True,-0.004923191313710051
0.3,100,0,0.296,0.2964828611480984,0.2727220693559338,0.32303891689695313,0.05031684754101934,0,8037.0,3602.0,1.0,True,-0.00351713885190158,0.29683745156618657,0.2712891122831414,0.32179956098977636,0.05051044870663496,0,1753.0,2287.0,1.0,True,-0.003162548433813417
0.3,100,1,0.319,0.3195176535888249,0.29377102682856676,0.3448857146360997,0.05111468780753292,0,5558.0,2806.0,1.0,True,0.0195176535888249,0.31925180965350836,0.2936352342629419,0.34409635597370086,0.05046112171075895,0,2276.0,2546.0,1.0,True,0.019251809653508367
0.3,100,2,0.294,0.2942361696086262,0.2673581754001706,0.3201451072519232,0.052786931851752594,0,7238.0,2999.0,1.0,True,-0.005763830391373792,0.29494904377963954,0.2692529910973911,0.3208501995715173,0.05159720847412619,0,1212.0,2060.0,1.0,True,-0.0050509562203604474
0.3,100,3,0.287,0.2874448708981563,0.2614316325000292,0.3153935668744882,0.05396193437445901,0,7018.0,2889.0,1.0,True,-0.012555129101843698,0.2879118418476979,0.26314147381937686,0.3142540693912158,0.05111259557183895,0,1483.0,1949.0,1.0,True,-0.012088158152302075
0.3,100,4,0.316,0.31639811232329046,0.2922831058503846,0.342528429418668,0.05024532356828343,0,5667.0,3433.0,1.0,True,0.01639811232329047,0.31622548502942877,0.29058391726592026,0.3419359433676886,0.05135202610176837,0,1968.0,2720.0,1.0,True,0.016225485029428777
0.3,100,5,0.321,0.32134469840501095,0.2943258676410416,0.3461782495333611,0.0518523818923195,0,5977.0,2627.0,1.0,True,0.021344698405010964,0.3208411112258112,0.29546252064772555,0.3500070911344894,0.054544570486763866,0,1781.0,2329.0,1.0,True,0.020841111225811226
0.3,100,6,0.303,0.3035365820769372,0.2775995714991574,0.3294574109423483,0.05185783944319089,0,7777.0,3425.0,1.0,True,0.003536582076937189,0.3041157374346393,0.27562876774599016,0.3306422407392585,0.055013472993268364,0,1398.0,1705.0,1.0,True,0.004115737434639333
0.3,100,7,0.331,0.3315077488956222,0.3049271464606266,0.35803076161643616,0.05310361515580958,0,6155.0,2746.0,1.0,False,0.03150774889562219,0.3319012868447383,0.30542059441851793,0.3571453220092827,0.05172472759076474,0,2405.0,2449.0,1.0,False,0.03190128684473831
0.3,100,8,0.308,0.3083787915367584,0.28073750571909717,0.33461344359100303,0.053875937871905866,0,6513.0,2991.0,1.0,True,0.008378791536758412,0.308181113096409,0.2815081182038608,0.3332784845097188,0.05177036630585802,0,1892.0,2310.0,1.0,True,0.00818111309640901
0.3,100,9,0.29,0.29048811414207126,0.26423890764441577,0.3143659656204707,0.050127057976054934,0,7467.0,3286.0,1.0,True,-0.009511885857928726,0.290336180600426,0.2648098839787654,0.3157070261219428,0.050897142143177365,0,1992.0,2408.0,1.0,True,-0.009663819399574003
0.3,100,10,0.318,0.3183313014308668,0.29281183698242436,0.3448948349541812,0.05208299797175686,0,6093.0,2993.0,1.0,True,0.01833130143086681,0.317778143285289,0.29144341410390556,0.3436588474026825,0.052215433298776925,0,1956.0,2754.0,1.0,True,0.01777814328528904
0.3,100,11,0.297,0.2973727420485211,0.2704553961899723,0.32254672309702886,0.05209132690705659,0,7523.0,3182.0,1.0,True,-0.0026272579514788896,0.29753081286933036,0.27246044801665326,0.32425513279637136,0.0517946847797181,0,1456.0,1888.0,1.0,True,-0.0024691871306696256
0.3,100,12,0.297,0.2974086163427575,0.2698205061709341,0.32251188069862335,0.05269137452768924,0,8116.0,2701.0,1.0,True,-0.0025913836572424853,0.2973137572672158,0.27015891288682586,0.32358520881699837,0.05342629593017251,0,1598.0,2075.0,1.0,True,-0.002686242732784172
0.3,100,13,0.302,0.3023069544390264,0.27474887970613376,0.3298525234243719,0.055103643718238116,0,7827.0,2848.0,1.0,True,0.0023069544390263985,0.30241813304706794,0.27736846750140043,0.33008754194116885,0.05271907443976842,0,1126.0,1879.0,1.0,True,0.0024181330470679496
0.3,100,14,0.266,0.2665283144485729,0.24161822871584854,0.29130023953108175,0.04968201081523321,0,6184.0,3056.0,1.0,False,-0.0334716855514271,0.26689617547245303,0.2409140630134449,0.29259360443833876,0.051679541424893866,0,1689.0,2061.0,1.0,False,-0.033103824527546954
0.3,100,15,0.284,0.28423955219540087,0.25751991987814654,0.31067423393173044,0.053154314053583895,0,5416.0,3029.0,1.0,True,-0.01576044780459912,0.28504917283831543,0.25870055784257306,0.30995330440734886,0.0512527465647758,0,1211.0,1834.0,1.0,True,-0.014950827161684555
0.3,100,16,0.313,0.31368548704884996,0.28829120496841976,0.3408849566765247,0.05259375170810493,0,5921.0,3159.0,1.0,True,0.013685487048849976,0.31313307736921686,0.28806454506920565,0.3413534552030554,0.05328891013384973,0,1903.0,2677.0,1.0,True,0.013133077369216872
0.3,100,17,0.286,0.2867659159166385,0.26269125533853716,0.3118843797403465,0.04919312440180934,0,5972.0,3172.0,1.0,True,-0.013234084083361464,0.287024444144123,0.2620644177862339,0.3133918978705786,0.05132748008434468,0,1720.0,2420.0,1.0,True,-0.012975555855877008
0.3,100,18,0.326,0.3263524415617868,0.3008697854623176,0.35335789643574617,0.05248811097342859,0,5292.0,3277.0,1.0,False,0.026352441561786788,0.32633284515148026,0.3004688926192658,0.35265521358726143,0.052186320967995636,0,1993.0,2790.0,1.0,False,0.026332845151480266
0.3,100,19,0.309,0.309299743419219,0.28329613456596275,0.33486906927703886,0.0515729347110761,0,5246.0,2394.0,1.0,True,0.00929974341921902,0.30954543731309014,0.2843320797402977,0.33562432856385316,0.05129224882355543,0,2389.0,2887.0,1.0,True,0.009545437313090155
0.3,100,20,0.324,0.32417122341165655,0.2981465104617773,0.35144749227122846,0.05330098180945114,0,7655.0,3224.0,1.0,True,0.02417122341165656,0.3247214469472801,0.2972335561715584,0.3506523811665386,0.053418824994980185,0,1576.0,1955.0,1.0,True,0.024721446947280123
0.3,100,21,0.301,0.30150721727180646,0.2731978203140842,0.32618187650323904,0.05298405618915486,0,6545.0,3058.0,1.0,True,0.0015072172718064714,0.301189096130608,0.27514096460870746,0.3288764580337314,0.05373549342502393,0,1638.0,2391.0,1.0,True,0.001189096130608025
0.3,100,22,0.278,0.2787763916045706,0.25239017204942454,0.30273967491806325,0.05034950286863871,0,6546.0,2441.0,1.0,True,-0.021223608395429416,0.27808314602567247,0.251439764989643,0.302909908433185,0.051470143443542005,0,1665.0,2350.0,1.0,True,-0.02191685397432752
0.3,100,23,0.326,0.32653463980948216,0.29924308898658497,0.35198967805499515,0.05274658906841018,0,6919.0,3238.0,1.0,True,0.026534639809482174,0.32662707626312604,0.2996000210034187,0.35261941970835936,0.05301939870494066,0,1767.0,2647.0,1.0,True,0.026627076263126048
0.3,100,24,0.29,0.29056096601793413,0.26593168576877085,0.31696630769428136,0.051034621925510504,0,6605.0,3298.0,1.0,True,-0.009439033982065859,0.2899496695382315,0.26530746803964067,0.3164494988821693,0.05114203084252861,0,1871.0,2619.0,1.0,True,-0.010050330461768509
0.5,20,0,0.515,0.5147380182666184,0.4505896276674104,0.5763191684995381,0.12572954083212773,0,7195.0,3388.0,1.0,True,0.014738018266618358,0.5147283482694441,0.4499152879019188,0.57888818771825,0.1289728998163312,0,1823.0,2346.0,1.0,True,0.014728348269444136
0.5,20,1,0.59,0.5890621928289183,0.5268858620522998,0.6550267160774312,0.12814085402513142,0,6241.0,3212.0,1.0,False,0.08906219282891825,0.5879202827949884,0.5250982624653294,0.6530754346483076,0.12797717218297822,0,2197.0,2633.0,1.0,False,0.08792028279498842
0.5,20,2,0.445,0.4453657880391006,0.38479562570439274,0.5077684746077511,0.12297284890335836,0,4472.0,2831.0,1.0,True,-0.054634211960899404,0.4464781341207225,0.38517344129757203,0.5087744322259136,0.12360099092834154,0,2598.0,2986.0,1.0,True,-0.053521865879277486
0.5,20,3,0.545,0.5440746513074671,0.47542664701240284,0.6051736394134475,0.12974699240104465,0,6801.0,3122.0,1.0,True,0.04407465130746713,0.5425662699925021,0.4815604735788922,0.6061901367779418,0.12462966319904956,0,2001.0,2744.0,1.0,True,0.042566269992502126
0.5,20,4,0.415,0.4156462860145632,0.35768908228144114,0.4782375281128687,0.12054844583142754,0,5644.0,3017.0,1.0,False,-0.08435371398543678,0.4159422424512297,0.35407157141620943,0.47620114445015754,0.12212957303394811,0,2796.0,2731.0,1.0,False,-0.08405775754877032
0.5,20,5,0.54,0.5394776652957269,0.4813081887623377,0.6015155235706957,0.12020733480835799,0,4525.0,3126.0,1.0,True,0.03947766529572694,0.537462570260303,0.4764895284662182,0.5973190538474459,0.12082952538122765,0,3053.0,2871.0,1.0,True,0.037462570260302974
0.5,20,6,0.525,0.5249348871112324,0.4685450560863884,0.5916437044907784,0.12309864840439,0,6025.0,3071.0,1.0,True,0.024934887111232373,0.5234711239592018,0.4624623078617958,0.5910872371371381,0.12862492927534225,0,2485.0,2682.0,1.0,True,0.02347112395920181
0.5,20,7,0.435,0.4361700061013187,0.3724108391553821,0.5020479383175699,0.1296370991621878,0,6556.0,3047.0,1.0,True,-0.06382999389868133,0.436211832140708,0.3773757452031797,0.5027738591098214,0.12539811390664174,0,1636.0,2390.0,1.0,True,-0.06378816785929198
0.5,20,8,0.53,0.5294814559610697,0.46834478676008917,0.591680266876819,0.12333548011672979,0,5171.0,2735.0,1.0,True,0.029481455961069658,0.5305777332456715,0.4642541319770538,0.592637497943968,0.12838336596691424,0,2444.0,2924.0,1.0,True,0.03057773324567148
0.5,20,9,0.5,0.5000695449499368,0.4401069182349764,0.5623115370673626,0.1222046188323862,0,5198.0,2601.0,1.0,True,6.954494993682836e-05,0.5002256493895477,0.43865212742873105,0.5620086720987629,0.12335654467003188,0,2636.0,2453.0,1.0,True,0.00022564938954772185
0.5,20,10,0.525,0.5250342279986162,0.4633821445571307,0.5892824713217862,0.1259003267646555,0,5603.0,3094.0,1.0,True,0.02503422799861621,0.5244204606920392,0.4615239685622429,0.5862059723397016,0.1246820037774587,0,2304.0,2555.0,1.0,True,0.02442046069203918
0.5,20,11,0.565,0.564375844648826,0.494538063163645,0.6223292184175475,0.1277911552539025,0,6179.0,3110.0,1.0,True,0.06437584464882595,0.563650294853935,0.5005528515309723,0.6267244775281658,0.12617162599719356,0,2069.0,2200.0,1.0,False,0.06365029485393503
0.5,20,12,0.435,0.4349820671677,0.3740602894685485,0.49648541236216215,0.12242512289361362,0,6138.0,2994.0,1.0,False,-0.06501793283230001,0.4368089677736898,0.3704267364026834,0.4976505346057069,0.12722379820302349,0,2092.0,2376.0,1.0,False,-0.06319103222631017
0.5,20,13,0.465,0.4649776135518506,0.40721214511840254,0.526484545952171,0.11927240083376844,0,4621.0,2959.0,1.0,True,-0.03502238644814942,0.46662971069549347,0.4079570171814913,0.5290749556323252,0.1211179384508339,0,3971.0,3190.0,1.0,True,-0.03337028930450653
0.5,20,14,0.57,0.5696510915789851,0.5045317556444695,0.6348612103555885,0.130329454711119,0,7020.0,2344.0,1.0,False,0.06965109157898508,0.5693683155820306,0.5034377236281881,0.6302491184754415,0.12681139484725346,0,1689.0,2497.0,1.0,False,0.0693683155820306
0.5,20,15,0.5,0.5004899284781669,0.43443517793530156,0.5637012626088073,0.1292660846735057,0,6439.0,2815.0,1.0,True,0.0004899284781668678,0.5001238753429351,0.44017094103086096,0.5662009575720975,0.12603001654123658,0,1590.0,2453.0,1.0,True,0.00012387534293512026
0.5,20,16,0.56,0.5592711796439879,0.49923457311940356,0.6219309093473401,0.12269633622793652,0,6319.0,3144.0,1.0,True,0.05927117964398787,0.558945295823902,0.4979182377634763,0.6189065450259723,0.12098830726249599,0,2344.0,2540.0,1.0,True,0.058945295823901955
0.5,20,17,0.585,0.5841657599545833,0.5234177735663746,0.6479999101967517,0.1245821366303771,0,6376.0,3285.0,1.0,False,0.08416575995458331,0.5837412072054842,0.5251414489018372,0.6507374879198785,0.12559603901804128,0,1866.0,2584.0,1.0,False,0.08374120720548417
0.5,20,18,0.49,0.49036000777922084,0.4237168726443947,0.5515921438591336,0.12787527121473885,0,7323.0,2993.0,1.0,True,-0.009639992220779159,0.49067412376652214,0.4254069877432038,0.5531366745516747,0.1277296868084709,0,1777.0,2269.0,1.0,True,-0.009325876233477859
0.5,20,19,0.51,0.5098511099653528,0.4452081120744379,0.5758224372352235,0.13061432516078564,0,7794.0,2757.0,1.0,True,0.009851109965352767,0.5092875578556879,0.44688960432525165,0.571719940149706,0.1248303358244543,0,2039.0,2593.0,1.0,True,0.009287557855687911
0.5,20,20,0.44,0.44081661194138283,0.3801670358732528,0.5049090517175896,0.1247420158443368,0,6942.0,3167.0,1.0,True,-0.05918338805861717,0.44114777788449827,0.37870319937258085,0.5037932884230966,0.12509008905051572,0,2029.0,2229.0,1.0,True,-0.05885222211550173
0.5,20,21,0.545,0.5437324622523445,0.4788785501179025,0.6068624466201314,0.12798389650222897,0,6569.0,3082.0,1.0,True,0.043732462252344506,0.5436352359226267,0.4803206240706203,0.6046087630901763,0.12428813901955599,0,1812.0,2409.0,1.0,True,0.04363523592262675
0.5,20,22,0.545,0.5443069157081311,0.48500265418490357,0.6122644130959743,0.12726175891107078,0,7525.0,3119.0,1.0,True,0.044306915708131056,0.5451241166831547,0.4832339742477618,0.6101305321521046,0.12689655790434273,0,2085.0,2169.0,1.0,True,0.04512411668315475
0.5,20,23,0.455,0.45527306040293203,0.3969931856677434,0.5287817851002367,0.13178859943249327,0,8930.0,2754.0,1.0,True,-0.04472693959706797,0.4557969029841431,0.3919831459127031,0.5196306220321756,0.12764747611947247,0,1530.0,1969.0,1.0,True,-0.044203097015856896
0.5,20,24,0.49,0.4900510160825195,0.4286547088808969,0.5580279088017586,0.12937319992086166,0,7949.0,3421.0,1.0,True,-0.009948983917480503,0.490206776162915,0.4320468514943298,0.5559171910981574,0.1238703396038276,0,2227.0,2654.0,1.0,True,-0.009793223837084974
0.5,50,0,0.532,0.531648825722344,0.49247213045718646,0.5714885485608239,0.07901641810363741,0,6797.0,2897.0,1.0,True,0.031648825722343954,0.5303849186846065,0.4915073676552986,0.5706615476435675,0.07915417998826885,0,1663.0,2309.0,1.0,True,0.030384918684606466
0.5,50,1,0.534,0.5334792407239918,0.49224986792346315,0.5776450864363093,0.08539521851284615,0,5798.0,2675.0,1.0,True,0.03347924072399178,0.5339443092304413,0.4936178804996155,0.5766899024017272,0.08307202190211171,0,1291.0,1623.0,1.0,True,0.03394430923044134
0.5,50,2,0.494,0.49409668405971596,0.45467375029975543,0.5352885576695199,0.08061480736976445,0,6520.0,3287.0,1.0,True,-0.005903315940284037,0.49434661516271766,0.4549435684158811,0.534493754412381,0.07955018599649988,0,1643.0,2037.0,1.0,True,-0.005653384837282338
0.5,50,3,0.518,0.5182834505146113,0.4787562761706594,0.5561214855250166,0.0773652093543572,0,5080.0,3004.0,1.0,True,0.018283450514611332,0.5162619793106714,0.47456641050903203,0.5542278618249818,0.07966145131594982,0,2644.0,2891.0,1.0,True,0.016261979310671415
0.5,50,4,0.548,0.548447801385013,0.5118567629334984,0.5863966611849352,0.07453989825143681,0,3963.0,2556.0,1.0,False,0.048447801385013034,0.5492772071302046,0.5112855811127548,0.5872550703286502,0.07596948921589541,0,3421.0,3040.0,1.0,False,0.04927720713020456
0.5,50,5,0.532,0.532386760612774,0.4913376712571094,0.5699214930399005,0.07858382178279105,0,5777.0,2909.0,1.0,True,0.03238676061277401,0.5317457506895626,0.4946244062745609,0.5728225780131376,0.07819817173857674,0,2218.0,2686.0,1.0,True,0.031745750689562646
0.5,50,6,0.586,0.5852335268792646,0.5482844755113463,0.6246493934831109,0.07636491797176459,0,5125.0,3160.0,1.0,False,0.08523352687926455,0.5848776862431009,0.547228186159152,0.6240205284589846,0.07679234229983256,0,2545.0,2695.0,1.0,False,0.08487768624310088
0.5,50,7,0.458,0.4582719653035612,0.4185824768265184,0.499153426893173,0.0805709500666546,0,6204.0,2746.0,1.0,False,-0.04172803469643882,0.4574635793739807,0.41689891400043666,0.4958458662603447,0.07894695225990805,0,2236.0,2574.0,1.0,False,-0.04253642062601931
0.5,50,8,0.44,0.4400299885188182,0.40067026894743185,0.4818035729457203,0.08113330399828844,0,8905.0,3180.0,1.0,False,-0.059970011481181806,0.4410502595268263,0.3983745491487216,0.4798550253550248,0.08148047620630317,0,1374.0,1889.0,1.01,False,-0.058949740473173695
0.5,50,9,0.526,0.5258404770605644,0.4843796684680788,0.5659097106526841,0.08153004218460536,0,7988.0,2784.0,1.0,True,0.02584047706056436,0.5256017024393608,0.4844215341624656,0.5664645580011275,0.08204302383866191,0,1575.0,2123.0,1.0,True,0.025601702439360774
0.5,50,10,0.558,0.5570082330936654,0.5178291440036512,0.5966330901020557,0.07880394609840446,0,6144.0,3071.0,1.0,False,0.05700823309366543,0.5575500998390062,0.5178997932802527,0.5952299038531497,0.07733011057289696,0,2254.0,2654.0,1.0,False,0.057550099839006164
0.5,50,11,0.544,0.5441174084456927,0.5026136983878012,0.5824547633195218,0.0798410649317206,0,6519.0,2842.0,1.0,False,0.044117408445692674,0.5446814767306059,0.5058091106031062,0.5847013762197596,0.07889226561665341,0,1486.0,2359.0,1.0,False,0.04468147673060585
0.5,50,12,0.482,0.48196104468724965,0.4417274092452575,0.5203689016265821,0.07864149238132462,0,5530.0,2583.0,1.0,True,-0.01803895531275035,0.48203537155170256,0.44256040742243186,0.522611401230652,0.08005099380822012,0,2998.0,2950.0,1.0,True,-0.017964628448297437
0.5,50,13,0.464,0.46369221287445456,0.4253490454494411,0.5086411057947526,0.08329206034531156,0,7696.0,2928.0,1.0,True,-0.03630778712554544,0.4649140192853297,0.4253832084438625,0.5074416010864328,0.08205839264257025,0,1606.0,2230.0,1.0,True,-0.035085980714670284
0.5,50,14,0.488,0.48811815807597597,0.44981108981114454,0.5266559447835312,0.07684485497238663,0,4741.0,2763.0,1.0,True,-0.011881841924024028,0.4863225184861342,0.44829330737150136,0.5256769810276842,0.07738367365618287,0,3629.0,3416.0,1.0,True,-0.013677481513865775
0.5,50,15,0.554,0.5539244019501159,0.5132474320041681,0.5918887280061388,0.07864129600197067,0,5173.0,2833.0,1.0,False,0.05392440195011594,0.5535966619597836,0.5136248789767603,0.5921239305849229,0.0784990516081625,0,3121.0,2966.0,1.0,False,0.05359666195978363
0.5,50,16,0.496,0.4959117999398364,0.45727157744488967,0.540453139250202,0.08318156180531233,0,5891.0,3218.0,1.0,True,-0.004088200060163583,0.49472081478605645,0.4529948758137934,0.5343301426810169,0.08133526686722348,0,1368.0,1956.0,1.0,True,-0.005279185213943549
0.5,50,17,0.474,0.4739696161895708,0.4343669624483658,0.5114383721507447,0.07707140970237891,0,6042.0,2892.0,1.0,True,-0.026030383810429214,0.4740020364792941,0.4348739465583926,0.5145273945320525,0.07965344797365992,0,2074.0,2288.0,1.0,True,-0.02599796352070588
0.5,50,18,0.452,0.45225813482071076,0.4092007945418193,0.48916898281612337,0.07996818827430408,0,6844.0,3091.0,1.0,False,-0.047741865179289245,0.45340510905372855,0.41362047337000113,0.4921762472861698,0.07855577391616869,0,1541.0,2258.0,1.0,False,-0.04659489094627145
0.5,50,19,0.538,0.5381205341772121,0.4954179124691842,0.5759389138451873,0.08052100137600304,0,7571.0,2938.0,1.0,True,0.03812053417721206,0.538007552317617,0.49530639674698174,0.5768215112197517,0.08151511447276993,0,1579.0,2160.0,1.0,True,0.03800755231761699
0.5,50,20,0.544,0.5437711088915205,0.5052532639122127,0.5827395711328817,0.07748630722066896,0,6356.0,2714.0,1.0,False,0.04377110889152047,0.5436702331519082,0.5055557776900738,0.582703675114049,0.07714789742397521,0,2762.0,3110.0,1.0,False,0.04367023315190821
0.5,50,21,0.494,0.49385347666720963,0.45364013939133807,0.5386383363577373,0.08499819696639921,0,5604.0,2887.0,1.0,True,-0.006146523332790366,0.49446789048988615,0.4554279106753654,0.5367165225077583,0.08128861183239283,0,1127.0,1921.0,1.0,True,-0.005532109510113847
0.5,50,22,0.55,0.5496774266309269,0.5072684949998953,0.5876157328691823,0.08034723786928699,0,7640.0,3274.0,1.0,False,0.04967742663092689,0.5490070572224176,0.508220814646547,0.5878251948173019,0.07960438017075488,0,1293.0,1976.0,1.0,False,0.049007057222417605
0.5,50,23,0.506,0.5061746160363647,0.4667858063985312,0.5471862283903678,0.08040042199183661,0,6920.0,3072.0,1.0,True,0.006174616036364711,0.5059185307093461,0.46439947841191126,0.545702465216216,0.08130298680430476,0,2042.0,2487.0,1.0,True,0.005918530709346115
0.5,50,24,0.472,0.4721266687167814,0.43552753231387414,0.5098517355642512,0.07432420325037709,0,4875.0,2935.0,1.0,True,-0.027873331283218616,0.4713100908901692,0.43490562611864036,0.5129688749966422,0.07806324887800187,0,3064.0,3042.0,1.0,True,-0.028689909109830825
0.5,100,0,0.52,0.5195953425446506,0.4881247756376919,0.5482151470068698,0.060090371369177886,0,7865.0,2758.0,1.0,True,0.019595342544650562,0.5204129347448254,0.4929611286431759,0.5497080625552202,0.05674693391204427,0,1479.0,2123.0,1.01,True,0.020412934744825417
0.5,100,1,0.507,0.5069561514861701,0.4803027786432459,0.5337791389126155,0.05347636026936964,0,7193.0,3016.0,1.0,True,0.006956151486170126,0.506977249726795,0.4799417746990431,0.535514959757164,0.05557318505812092,0,1868.0,2755.0,1.0,True,0.006977249726795032
0.5,100,2,0.491,0.4910237218910911,0.4617671948873906,0.5187049133332021,0.056937718445811525,0,7125.0,2986.0,1.0,True,-0.008976278108908886,0.49170697248602346,0.46488839508541546,0.5208211579464094,0.05593276286099391,0,1990.0,2580.0,1.0,True,-0.008293027513976536
0.5,100,3,0.51,0.5099364174358884,0.4802517078475392,0.5371081268452309,0.05685641899769173,0,5669.0,2602.0,1.0,True,0.009936417435888356,0.509314921509048,0.4810172421913058,0.5386760081886454,0.057658765997339545,0,2098.0,2764.0,1.0,True,0.009314921509048002
0.5,100,4,0.511,0.5106911380908692,0.4827013347897732,0.5409361184250563,0.058234783635283116,0,8132.0,3089.0,1.0,True,0.01069113809086919,0.5106265929556554,0.4819436199544954,0.5390652560480335,0.05712163609353804,0,1566.0,2147.0,1.0,True,0.010626592955655378
0.5,100,5,0.527,0.5270291851247134,0.49821493505439846,0.5553533844746292,0.057138449420230775,0,8042.0,3013.0,1.0,True,0.027029185124713417,0.5272045521953014,0.4992795512376399,0.5564107596361743,0.05713120839853436,0,1411.0,2346.0,1.0,True,0.02720455219530138
0.5,100,6,0.534,0.533835459251837,0.5060576026702742,0.5609695172158853,0.05491191454561106,0,8192.0,3396.0,1.0,False,0.03383545925183695,0.5335700085750374,0.5052005996146046,0.5612271774091283,0.05602657779452369,0,2121.0,2421.0,1.0,False,0.03357000857503745
0.5,100,7,0.523,0.5230310579117391,0.4956550459991195,0.5541075395124052,0.058452493513285686,0,8351.0,2788.0,1.0,True,0.023031057911739095,0.5231690802515414,0.4930468604198946,0.5513189824086532,0.058272121988758585,0,1476.0,2078.0,1.0,True,0.023169080251541407
0.5,100,8,0.507,0.5069927330312439,0.4791889555603208,0.5345783866717178,0.055389431111396936,0,7093.0,3087.0,1.0,True,0.006992733031243925,0.5071707505995501,0.4781499026285126,0.5329484939396032,0.054798591311090605,0,2301.0,2357.0,1.0,True,0.00717075059955008
0.5,100,9,0.529,0.5288995655660574,0.5021345131247987,0.5576949983702434,0.05556048524544466,0,6744.0,2852.0,1.0,False,0.02889956556605744,0.5292992071068718,0.500754842929659,0.5582891681490537,0.05753432521939472,0,1696.0,2392.0,1.0,False,0.02929920710687184
0.5,100,10,0.505,0.5049988283204548,0.4770201667257954,0.5322664488296036,0.05524628210380822,0,7195.0,3035.0,1.0,True,0.00499882832045484,0.5053824899749693,0.47677706822525595,0.5334724267789563,0.05669535855370039,0,1701.0,2155.0,1.0,True,0.005382489974969262
0.5,100,11,0.516,0.515914749920426,0.4861071523042601,0.5439257121956612,0.05781855989140111,0,7743.0,3029.0,1.0,True,0.015914749920425963,0.5156230235157142,0.4870450465862411,0.5453446447902079,0.05829959820396685,0,1410.0,2086.0,1.0,True,0.015623023515714207
0.5,100,12,0.506,0.5058040512285061,0.47931636766666524,0.533481229642305,0.0541648619756398,0,5721.0,2985.0,1.0,True,0.005804051228506135,0.5059703486968656,0.4795975405491867,0.5336904811492486,0.05409294060006187,0,1875.0,2582.0,1.0,True,0.005970348696865635
0.5,100,13,0.511,0.5112488660171843,0.48285556198879515,0.537685361047651,0.05482979905885582,0,5859.0,2968.0,1.0,True,0.011248866017184334,0.5115935319285033,0.4850420327345012,0.5408321397257262,0.055790106991225,0,2711.0,2729.0,1.0,True,0.01159353192850332
0.5,100,14,0.483,0.48290530067079895,0.45378756610081894,0.5103018917649842,0.056514325664165255,0,6522.0,3060.0,1.0,True,-0.017094699329201046,0.4835527923962432,0.4548499960896479,0.5127873057668546,0.05793730967720673,0,1549.0,2154.0,1.0,True,-0.016447207603756786
0.5,100,15,0.528,0.52771701259239,0.5011307364309174,0.5560564154277767,0.054925678996859295,0,6017.0,2756.0,1.0,False,0.02771701259239001,0.5278452252660044,0.5012146548299213,0.5589473862804847,0.057732731450563346,0,2070.0,2369.0,1.0,False,0.027845225266004414
0.5,100,16,0.471,0.47064807911928325,0.4418630940352267,0.4985950133434469,0.05673191930822019,0,6118.0,2854.0,1.0,False,-0.029351920880716753,0.4717744268643977,0.4438284552976229,0.5007151716625561,0.0568867163649332,0,2140.0,2345.0,1.0,True,-0.02822557313560231
0.5,100,17,0.503,0.5029801143242693,0.4749944034668902,0.533465873353527,0.05847146988663682,0,8106.0,2974.0,1.0,True,0.0029801143242692563,0.5029437210928717,0.4746815300606514,0.5325112469988453,0.05782971693819394,0,1358.0,1670.0,1.0,True,0.002943721092871665
0.5,100,18,0.486,0.4860849181474565,0.4575677875731022,0.5165903015009173,0.05902251392781516,0,7903.0,2776.0,1.0,True,-0.013915081852543476,0.48574263135510715,0.4557820634580551,0.5124161824558736,0.056634118997818506,0,1638.0,2106.0,1.0,True,-0.014257368644892854
0.5,100,19,0.492,0.49194513524022343,0.46409738155184765,0.518368706447628,0.05427132489578035,0,7336.0,3284.0,1.0,True,-0.00805486475977657,0.4922406407201862,0.4646461059862574,0.5204269572613908,0.05578085127513338,0,2162.0,2523.0,1.0,True,-0.0077593592798138045
0.5,100,20,0.472,0.471782888253265,0.442328562947872,0.4992676181163372,0.0569390551684652,0,8558.0,3034.0,1.0,False,-0.028217111746735024,0.4718560785049458,0.44279643071434505,0.49993391883536314,0.0571374881210181,0,1740.0,2355.0,1.0,False,-0.02814392149505418
0.5,100,21,0.497,0.496844487559347,0.47016986895377494,0.5244042969588323,0.054234428005057345,0,5668.0,3010.0,1.0,True,-0.0031555124406529855,0.49665260439467646,0.47020501585860497,0.5263215702059766,0.05611655434737162,0,2110.0,2931.0,1.0,True,-0.0033473956053235443
0.5,100,22,0.501,0.500960656879815,0.4737819607654635,0.5301780315952872,0.05639607082982373,0,6942.0,3166.0,1.0,True,0.0009606568798149473,0.5012279302222596,0.47250316424025096,0.528000750932458,0.05549758669220706,0,2003.0,2412.0,1.0,True,0.0012279302222596433
0.5,100,23,0.501,0.5010525725854741,0.47391062684440016,0.528049241158296,0.05413861431389583,0,6113.0,3070.0,1.0,True,0.0010525725854740875,0.5000166523288596,0.4727222986187016,0.5282706721988378,0.05554837358013626,0,2698.0,3026.0,1.0,True,1.6652328859612098e-05
0.5,100,24,0.503,0.5031005257227523,0.47357299809996145,0.5306677880969561,0.05709478999699469,0,7058.0,3078.0,1.0,True,0.003100525722752323,0.5027506631250163,0.4744998346194595,0.5302106308399669,0.0557107962205074,0,2001.0,2555.0,1.0,True,0.0027506631250162616
0.7,20,0,0.675,0.6729948053070571,0.6144713888173264,0.7337996047728144,0.11932821595548793,0,6409.0,3132.0,1.0,True,-0.027005194692942824,0.6727437141722731,0.6139307856569636,0.7345117485664825,0.12058096290951892,0,2147.0,2424.0,1.0,True,-0.027256285827726878
0.7,20,1,0.7,0.6978534740892809,0.6384342207083548,0.7587065324886372,0.12027231178028241,0,7155.0,2678.0,1.0,True,-0.002146525910719066,0.6957394279213299,0.6368933102656644,0.7549913488174874,0.11809803855182299,0,1655.0,2281.0,1.0,True,-0.004260572078670033
0.7,20,2,0.64,0.6393951984077988,0.5810272136252345,0.6966262885715913,0.1155990749463568,0,4507.0,2914.0,1.0,False,-0.06060480159220116,0.6389160463272529,0.5773331739948968,0.7005533346552305,0.1232201606603337,0,2716.0,2295.0,1.0,True,-0.061083953672747104
0.7,20,3,0.74,0.7376929786720244,0.678763774364424,0.7921522302244779,0.11338845586005386,0,6392.0,3278.0,1.0,True,0.03769297867202448,0.7330394725974128,0.6747564739830701,0.7869553043208322,0.11219883033776201,0,1431.0,2000.0,1.0,True,0.0330394725974128
0.7,20,4,0.68,0.6784918132788254,0.6194061404563007,0.7341374237390839,0.11473128328278315,0,5843.0,3402.0,1.0,True,-0.021508186721174605,0.6774327223734585,0.6210494323275362,0.7376262787998088,0.11657684647227262,0,2315.0,2518.0,1.0,True,-0.022567277626541427
0.7,20,5,0.74,0.7378339656214141,0.6867536840916025,0.7941690783897299,0.10741539429812741,0,5131.0,3579.0,1.0,True,0.03783396562141417,0.7364219311382718,0.6841097012235652,0.7915252525359202,0.10741555131235503,0,2047.0,2502.0,1.0,True,0.03642193113827186
0.7,20,6,0.68,0.6779729173211977,0.6169619742566652,0.7360454500926235,0.11908347583595824,0,5889.0,3286.0,1.0,True,-0.022027082678802268,0.6777218256422963,0.6201286688088896,0.7384471747314209,0.11831850592253124,0,2008.0,2269.0,1.0,True,-0.02227817435770363
0.7,20,7,0.675,0.6734365282909492,0.6153836573753628,0.7334943025011103,0.11811064512574743,0,6179.0,2923.0,1.0,True,-0.026563471709050712,0.6723097275624225,0.6142903033146704,0.7337520687312955,0.11946176541662512,0,2120.0,2474.0,1.0,True,-0.02769027243757749
0.7,20,8,0.7,0.6980319492954148,0.6357083821418144,0.7546250138984565,0.11891663175664213,0,7950.0,3236.0,1.0,True,-0.001968050704585167,0.6940707834207825,0.6373117327076028,0.7527506903335626,0.11543895762595979,0,1464.0,1978.0,1.0,True,-0.005929216579217411
0.7,20,9,0.695,0.6935113465322054,0.6325837529028006,0.7529011532428571,0.12031740034005656,0,7864.0,3201.0,1.0,True,-0.006488653467794592,0.6909710429685518,0.6347743408012835,0.7520046389868094,0.11723029818552588,0,2021.0,2476.0,1.0,True,-0.009028957031448126
0.7,20,10,0.65,0.6479790545578651,0.5908129313481065,0.7093919495698183,0.1185790182217118,0,6974.0,3319.0,1.0,True,-0.05202094544213487,0.6463987467282678,0.588975941319588,0.7085290490671065,0.11955310774751848,0,2211.0,2499.0,1.0,True,-0.05360125327173215
0.7,20,11,0.735,0.7323005753509683,0.6782937702475991,0.7873103444457437,0.10901657419814459,0,6550.0,2753.0,1.0,True,0.03230057535096831,0.7317108619508738,0.6734799966693704,0.7869736628193369,0.11349366614996648,0,2251.0,2619.0,1.0,True,0.0317108619508738
0.7,20,12,0.72,0.7176924714042552,0.6624804086188605,0.7747292068025406,0.11224879818368017,0,4921.0,3481.0,1.0,True,0.017692471404255228,0.7172962540920975,0.6566477814753765,0.770523176255156,0.11387539477977948,0,2358.0,2912.0,1.0,True,0.017296254092097563
0.7,20,13,0.675,0.6732612902307242,0.6137613813754816,0.7358382304080732,0.12207684903259153,0,7497.0,3481.0,1.0,True,-0.026738709769275726,0.672581552565612,0.609674690970662,0.7299606629332573,0.12028597196259538,0,1766.0,2637.0,1.0,True,-0.027418447434387927
0.7,20,14,0.66,0.658349382342654,0.6000510003552977,0.7182298115850421,0.11817881122974438,0,5804.0,2648.0,1.0,True,-0.0416506176573459,0.6579621574637813,0.6001390492920046,0.7169460344950864,0.11680698520308186,0,2599.0,2468.0,1.0,True,-0.04203784253621867
0.7,20,15,0.755,0.7532113984004409,0.7018633728902683,0.8080575132929175,0.10619414040264918,0,4428.0,3142.0,1.0,False,0.05321139840044098,0.7506653132555224,0.6977147104568754,0.8039136690916563,0.1061989586347809,0,2781.0,2673.0,1.0,True,0.05066531325552248
0.7,20,16,0.655,0.6532067292327456,0.5963199243988112,0.709844716567142,0.11352479216833078,0,4427.0,3141.0,1.0,True,-0.04679327076725437,0.653194867603284,0.5953799044838058,0.7122161818302781,0.11683627734647228,0,3068.0,2929.0,1.0,True,-0.04680513239671591
0.7,20,17,0.755,0.7526143528429187,0.6952596374348121,0.8057444613615456,0.11048482392673353,0,6130.0,3070.0,1.0,True,0.05261435284291871,0.7511525290218225,0.6981669895339122,0.8059021987501943,0.1077352092162821,0,2221.0,2497.0,1.0,True,0.051152529021822546
0.7,20,18,0.755,0.7515777669471966,0.7030154432335673,0.7998266295229302,0.0968111862893628,0,4070.0,2696.0,1.0,False,0.051577766947196624,0.754672343724448,0.702295076052539,0.8036698639967791,0.10137478794424004,0,3684.0,3073.0,1.0,False,0.05467234372444807
0.7,20,19,0.655,0.6536202361531848,0.5937428498696279,0.7084318936571516,0.11468904378752376,0,4447.0,3286.0,1.0,True,-0.04637976384681519,0.6534587098649651,0.5951152055278824,0.7114808430907869,0.11636563756290441,0,3009.0,2861.0,1.0,True,-0.04654129013503483
0.7,20,20,0.605,0.6035775187914858,0.5439330530209624,0.6645229741836824,0.12058992116272005,0,6796.0,3219.0,1.0,False,-0.09642248120851415,0.6030983560801272,0.5462573486827282,0.6699087748214616,0.12365142613873337,0,1944.0,2175.0,1.0,False,-0.09690164391987277
0.7,20,21,0.775,0.7718012670293966,0.7221778516896002,0.824803344310133,0.10262549262053278,0,4801.0,3587.0,1.0,False,0.0718012670293966,0.7726957985229803,0.718514462628256,0.8220448115518919,0.10353034892363588,0,2184.0,2836.0,1.0,False,0.07269579852298036
0.7,20,22,0.69,0.6886963978441095,0.6313783052883898,0.7494014272253432,0.11802312193695341,0,6370.0,3369.0,1.0,True,-0.011303602155890435,0.6868268989348483,0.6257532366011412,0.7450875651193137,0.1193343285181725,0,1706.0,2375.0,1.0,True,-0.013173101065151682
0.7,20,23,0.65,0.6480738601133861,0.593419333756936,0.713961937643587,0.12054260388665095,0,4606.0,3215.0,1.0,True,-0.051926139886613876,0.6485847309971225,0.5838931877342909,0.7046592072174858,0.12076601948319488,0,2029.0,2474.0,1.0,True,-0.051415269002877406
0.7,20,24,0.615,0.6137514514797494,0.5514799646841271,0.6764165106165443,0.12493654593241721,0,7059.0,3020.0,1.0,False,-0.08624854852025055,0.6119719984439264,0.5479160044592261,0.6732601773326632,0.12534417287343713,0,1601.0,2051.0,1.0,False,-0.0880280015560736
0.7,50,0,0.654,0.6535982850266917,0.6167175192650178,0.6893495207381658,0.07263200147314797,0,5291.0,3234.0,1.0,False,-0.04640171497330825,0.6548630714420031,0.6166530353738295,0.6914921419598578,0.07483910658602821,0,2843.0,2806.0,1.0,False,-0.04513692855799689
0.7,50,1,0.702,0.7012786579580176,0.6636281745994346,0.737932273397229,0.07430409879779443,0,5684.0,2838.0,1.0,True,0.001278657958017626,0.7002588804731956,0.6631037921312769,0.7371229687177246,0.07401917658644774,0,1373.0,2245.0,1.0,True,0.0002588804731956662
0.7,50,2,0.696,0.6947243314312939,0.6610640555030713,0.7302140976144831,0.06915004211141174,0,4927.0,3319.0,1.0,True,-0.005275668568706093,0.6965558640094539,0.6593772887162951,0.7314329263317542,0.07205563761545908,0,2839.0,2964.0,1.0,True,-0.003444135990546049
0.7,50,3,0.704,0.7032094340924254,0.66601819494286,0.7402540357411735,0.07423584079831358,0,5794.0,3314.0,1.0,True,0.003209434092425467,0.7031807498579452,0.665350370647778,0.7390542671913426,0.07370389654356457,0,1292.0,1950.0,1.0,True,0.003180749857945253
0.7,50,4,0.686,0.6854097409788822,0.646866389612815,0.7226376242104071,0.07577123459759216,0,6714.0,3202.0,1.0,True,-0.014590259021117769,0.6851074818674813,0.6485773833677753,0.7233200744897262,0.07474269112195098,0,1372.0,1941.0,1.0,True,-0.014892518132518684
0.7,50,5,0.692,0.6910936409455041,0.6519691708763341,0.7283929386113116,0.0764237677349775,0,7232.0,3239.0,1.0,True,-0.008906359054495883,0.6908126811779982,0.6503286164795073,0.7250118876335289,0.07468327115402151,0,1243.0,1891.0,1.0,True,-0.009187318822001744
0.7,50,6,0.676,0.6751914177779655,0.637155469553919,0.7120015095068669,0.07484603995294792,0,6699.0,3277.0,1.0,True,-0.024808582222034414,0.6743462983988281,0.6370312623988841,0.7110136086965825,0.0739823462976984,0,1682.0,2444.0,1.0,True,-0.025653701601171863
0.7,50,7,0.698,0.6970035004534454,0.6614908505555488,0.7336385426165741,0.07214769206102534,0,5280.0,2985.0,1.0,True,-0.002996499546554565,0.6964841571515642,0.6598863125093913,0.7336299185983066,0.07374360608891528,0,1794.0,2333.0,1.0,True,-0.0035158428484357573
0.7,50,8,0.702,0.7011241933626179,0.6646222772115473,0.7374855573202764,0.07286328010872911,0,5924.0,3208.0,1.0,True,0.0011241933626179312,0.7016179679452617,0.6656590404368659,0.7381012666823829,0.072442226245517,0,2343.0,2941.0,1.0,True,0.0016179679452617002
0.7,50,9,0.738,0.7372767826148094,0.703215483220787,0.7725188491970612,0.06930336597627418,0,5615.0,3143.0,1.0,False,0.03727678261480949,0.736856632825745,0.7000600168260779,0.7702016158361586,0.07014159901008077,0,1771.0,2100.0,1.0,False,0.03685663282574503
0.7,50,10,0.702,0.7009451494386483,0.6644717476894012,0.7367335695208453,0.07226182183144414,0,5892.0,3043.0,1.0,True,0.0009451494386483184,0.7007407311224788,0.6655142323391531,0.736694163102809,0.07117993076365592,0,2038.0,2967.0,1.0,True,0.0007407311224788549
0.7,50,11,0.706,0.7048543141082734,0.6683148449733175,0.7411780870041623,0.07286324203084482,0,6176.0,3165.0,1.0,True,0.0048543141082734165,0.70410706759981,0.6684269604202632,0.7405855901755655,0.0721586297553023,0,1419.0,2163.0,1.0,True,0.004107067599810055
0.7,50,12,0.67,0.6697037201871546,0.6318280800207178,0.7064047488012493,0.07457666878053149,0,7009.0,2917.0,1.0,True,-0.030296279812845328,0.6699385041056103,0.6331848981250251,0.7077098386730148,0.07452494054798975,0,1828.0,2647.0,1.0,True,-0.030061495894389667
0.7,50,13,0.734,0.7328857936410512,0.6973317634832629,0.7689350305211025,0.07160326703783959,0,4835.0,2883.0,1.0,True,0.032885793641051264,0.7335688117215985,0.6991874333869743,0.7690031093318942,0.06981567594491989,0,2122.0,2649.0,1.0,True,0.033568811721598535
0.7,50,14,0.684,0.6833668172701307,0.6474190999936181,0.7206735314579317,0.07325443146431354,0,6807.0,2781.0,1.0,True,-0.016633182729869245,0.6819949821378473,0.6460868124247189,0.720504710513046,0.0744178980883271,0,1731.0,2409.0,1.0,True,-0.018005017862152695
0.7,50,15,0.716,0.7152376292957822,0.6765812200386917,0.7499692810346278,0.07338806099593609,0,6769.0,2922.0,1.0,True,0.015237629295782207,0.7138320363893256,0.6772633030957543,0.7520630821826435,0.07479977908688917,0,1273.0,1690.0,1.0,True,0.01383203638932562
0.7,50,16,0.688,0.6874364962222719,0.6491701771886167,0.724082529573683,0.07491235238506633,0,6416.0,2718.0,1.0,True,-0.01256350377772808,0.6866567220055595,0.647982669176302,0.7231285015608416,0.07514583238453965,0,1743.0,2259.0,1.0,True,-0.013343277994440461
0.7,50,17,0.686,0.6858513149021042,0.6493004438584855,0.7251135640048186,0.07581312014633312,0,6088.0,2772.0,1.0,True,-0.014148685097895797,0.6852795914541598,0.6449814843835635,0.7206210118634452,0.07563952747988167,0,1920.0,2712.0,1.0,True,-0.014720408545840113
0.7,50,18,0.684,0.6832941022432394,0.6451842664786537,0.7183851851369427,0.07320091865828904,0,4597.0,2768.0,1.0,True,-0.016705897756760568,0.683868095613366,0.6465548987025562,0.7201686572160511,0.07361375851349483,0,1706.0,2230.0,1.0,True,-0.016131904386633922
0.7,50,19,0.616,0.6157918797478843,0.575358279979712,0.6544735749583366,0.07911529497862457,0,5595.0,3034.0,1.0,False,-0.08420812025211566,0.6149576314428564,0.5773194835737909,0.6525223995183954,0.07520291594460449,0,2835.0,2929.0,1.0,False,-0.08504236855714353
0.7,50,20,0.664,0.6633693681587772,0.6284971578342152,0.701208985274851,0.07271182744063576,0,4555.0,3178.0,1.0,True,-0.03663063184122273,0.6647568148096712,0.6288626796446243,0.7019638068808811,0.07310112723625684,0,3785.0,3007.0,1.0,True,-0.03524318519032876
0.7,50,21,0.678,0.677307253930562,0.6419237699881852,0.7141533195228573,0.07222954953467209,0,5268.0,3287.0,1.0,True,-0.02269274606943794,0.6781308004351522,0.6421708449704009,0.7162893888034946,0.07411854383309369,0,2114.0,2670.0,1.0,True,-0.021869199564847785
0.7,50,22,0.674,0.67268137468915,0.6340419921511485,0.708757310779886,0.07471531862873748,0,6929.0,3427.0,1.0,True,-0.027318625310849942,0.6740285398578854,0.637080297034155,0.7109035578297447,0.07382326079558965,0,1786.0,2538.0,1.0,True,-0.0259714601421146
0.7,50,23,0.722,0.7210557752093477,0.6853410075853823,0.758830756338418,0.07348974875303571,0,6431.0,2988.0,1.0,True,0.02105577520934776,0.720612975402203,0.6822829312096146,0.7566270271576103,0.07434409594799574,0,1765.0,1955.0,1.0,True,0.020612975402203082
0.7,50,24,0.724,0.7225980034815482,0.6881728165101335,0.7586349773015869,0.0704621607914534,0,4442.0,3066.0,1.0,True,0.02259800348154828,0.7236997282774023,0.6882515509653642,0.7584625352913047,0.07021098432594053,0,3012.0,3161.0,1.0,True,0.0236997282774023
0.7,100,0,0.731,0.7303472335717197,0.7045697820364698,0.7550456895292706,0.05047590749280084,0,6732.0,3019.0,1.0,False,0.030347233571719756,0.7304761644266564,0.7054466720386374,0.7554921450085996,0.0500454729699622,0,1467.0,2208.0,1.0,False,0.03047616442665646
0.7,100,1,0.691,0.690520890411896,0.6652072626862792,0.7176351307930305,0.052427868106751374,0,6481.0,3300.0,1.0,True,-0.00947910958810394,0.6902984940854815,0.6663823414650762,0.7166277958335888,0.050245454368512577,0,1786.0,2501.0,1.0,True,-0.00970150591451846
0.7,100,2,0.681,0.6807692963104439,0.6527266047602547,0.7066944753289006,0.05396787056864594,0,6838.0,3348.0,1.0,True,-0.01923070368955604,0.6800400919864896,0.6537996240981917,0.707152360924184,0.053352736825992286,0,1850.0,2418.0,1.0,True,-0.01995990801351033
0.7,100,3,0.719,0.7185634863781337,0.6940720333878659,0.7437814026579724,0.049709369270106496,0,5319.0,2840.0,1.0,True,0.018563486378133764,0.7192583929232362,0.6944132254255179,0.7438329316167763,0.04941970619125846,0,2199.0,2493.0,1.0,True,0.01925839292323628
0.7,100,4,0.703,0.7025509916035049,0.6761740120370524,0.7262210798620079,0.05004706782495549,0,6514.0,2890.0,1.0,True,0.002550991603504915,0.7025240583152876,0.6771412358367987,0.7299493386379807,0.05280810280118198,0,1488.0,2364.0,1.0,True,0.0025240583152876805
0.7,100,5,0.695,0.69418134958298,0.666648843552021,0.7197324290096012,0.053083585457580185,0,6929.0,2914.0,1.0,True,-0.00581865041702001,0.6944512098478124,0.6669906457721239,0.7187186025256103,0.051727956753486404,0,1700.0,2911.0,1.0,True,-0.005548790152187566
0.7,100,6,0.696,0.6955339934151573,0.6698654208008018,0.7228974578174345,0.05303203701663273,0,6736.0,2962.0,1.0,True,-0.004466006584842641,0.6950703189942952,0.6681904329329976,0.7219882980785636,0.05379786514556595,0,1410.0,1985.0,1.0,True,-0.004929681005704789
0.7,100,7,0.657,0.6564336237299843,0.6299236132529041,0.6830382965341477,0.05311468328124358,0,6781.0,3246.0,1.0,False,-0.043566376270015694,0.656060606586838,0.6300571309262821,0.6833950970599062,0.05333796613362407,0,1620.0,2371.0,1.0,False,-0.043939393413162
0.7,100,8,0.684,0.6836216772827447,0.65818587681396,0.710166577369907,0.051980700555946946,0,6452.0,3192.0,1.0,True,-0.016378322717255256,0.684119700903336,0.658129456223411,0.7112012301880192,0.05307177396460816,0,1829.0,2240.0,1.0,True,-0.015880299096663997
0.7,100,9,0.7,0.6996873814945125,0.6735313140807883,0.7267236648828438,0.05319235080205553,0,7064.0,2972.0,1.0,True,-0.00031261850548747194,0.6996670787936428,0.6741953203261373,0.7249083997869606,0.050713079460823374,0,1850.0,2371.0,1.0,True,-0.00033292120635719513
0.7,100,10,0.685,0.6842628441327431,0.656660783345132,0.7102627839893512,0.05360200064421916,0,7351.0,2966.0,1.0,True,-0.01573715586725688,0.6846407570836228,0.6585260524364891,0.7111801542274376,0.05265410179094854,0,1652.0,2381.0,1.0,True,-0.015359242916377136
0.7,100,11,0.692,0.6917378243761563,0.6660870358207528,0.7166136148260347,0.0505265790052819,0,6448.0,3120.0,1.0,True,-0.008262175623843682,0.6913966284580007,0.6668729083724605,0.7185979629113247,0.051725054538864224,0,2034.0,2641.0,1.0,True,-0.008603371541999305
0.7,100,12,0.681,0.680598420075722,0.6528339175491884,0.7057091980381205,0.052875280488932086,0,6963.0,3178.0,1.0,True,-0.019401579924277934,0.6807772866256455,0.6551634265328241,0.707037233289803,0.051873806756978835,0,1470.0,2341.0,1.0,True,-0.01922271337435444
0.7,100,13,0.677,0.6764924091756924,0.6499954482286365,0.7028895747875318,0.05289412655889525,0,6652.0,3215.0,1.0,True,-0.023507590824307534,0.6755941587163752,0.6498630716130788,0.7019500772060788,0.05208700559300006,0,1680.0,2340.0,1.0,True,-0.024405841283624774
0.7,100,14,0.702,0.7014212106575828,0.6768084749283827,0.7268768672181577,0.050068392289775,0,7243.0,2682.0,1.0,True,0.0014212106575828276,0.7015492774050248,0.6765014715082903,0.728481014477567,0.05197954296927665,0,1706.0,2482.0,1.0,True,0.0015492774050248626
0.7,100,15,0.682,0.681531348247663,0.6550352602647039,0.7058890774625097,0.050853817197805795,0,5835.0,3008.0,1.0,True,-0.018468651752336918,0.6813872545742172,0.6569811943893678,0.7092004429416302,0.052219248552262454,0,2385.0,2377.0,1.0,True,-0.01861274542578273
0.7,100,16,0.717,0.7167666638582103,0.6921830963897481,0.7429568582869679,0.05077376189721983,0,6257.0,3349.0,1.0,True,0.01676666385821035,0.7165411447334844,0.6899515974356589,0.7415803949829827,0.051628797547323746,0,2160.0,2872.0,1.0,True,0.016541144733484447
0.7,100,17,0.705,0.7042833174915571,0.6781336161238495,0.7322271585633212,0.05409354243947173,0,7085.0,2795.0,1.0,True,0.0042833174915571925,0.7048559299030702,0.6781490653126633,0.7312599812807549,0.05311091596809159,0,1482.0,1747.0,1.0,True,0.004855929903070266
0.7,100,18,0.679,0.6786667361305431,0.6527166228849066,0.7047247276025405,0.05200810471763384,0,6068.0,3092.0,1.0,True,-0.021333263869456887,0.6778754747877007,0.65128231288914,0.7048171320768438,0.053534819187703864,0,2061.0,2795.0,1.0,True,-0.02212452521229924
0.7,100,19,0.732,0.7313754732679206,0.7050487034265395,0.7554721940457801,0.050423490619240674,0,7162.0,3417.0,1.0,False,0.03137547326792067,0.7312232598464609,0.7051238104187726,0.7560500538380746,0.050926243419301964,0,1555.0,2129.0,1.0,False,0.031223259846460905
0.7,100,20,0.691,0.6905079841514684,0.6657400947755323,0.7180911965217137,0.052351101746181405,0,8799.0,3210.0,1.0,True,-0.009492015848531543,0.6903982239115481,0.6611484954550366,0.7148615758555353,0.053713080400498714,0,1723.0,2057.0,1.0,True,-0.009601776088451808
0.7,100,21,0.719,0.7185318807955742,0.6918025893481751,0.7449209702915346,0.05311838094335952,0,6825.0,3002.0,1.0,True,0.018531880795574218,0.7183179794192351,0.6934846523229026,0.7450108445778361,0.05152619225493349,0,1344.0,2139.0,1.0,True,0.018317979419235186
0.7,100,22,0.71,0.7094222176907488,0.6834009960387498,0.7359215747799774,0.05252057874122762,0,6887.0,3244.0,1.0,True,0.009422217690748802,0.7091910982175582,0.6842642816528108,0.7346207199894025,0.05035643833659165,0,1813.0,2295.0,1.0,True,0.009191098217558258
0.7,100,23,0.7,0.6993166940910653,0.674351680752151,0.7242952462822879,0.0499435655301369,0,6778.0,2896.0,1.0,True,-0.0006833059089346172,0.7001876105067001,0.6742010619069828,0.7250827349313499,0.05088167302436708,0,2344.0,2737.0,1.0,True,0.00018761050670013102
0.7,100,24,0.686,0.6855868167905046,0.6600149832578329,0.7117467841728347,0.051731800915001735,0,6903.0,2889.0,1.0,True,-0.014413183209495362,0.6856670744817522,0.6593400665816519,0.7119823186487958,0.0526422520671439,0,1704.0,2482.0,1.0,True,-0.014332925518247719
0.9,20,0,0.89,0.8845299044174408,0.8409953221624781,0.924566429014228,0.08357110685174995,0,5579.0,2830.0,1.0,True,-0.015470095582559185,0.8814103733106394,0.8392817276174935,0.9182689497015061,0.07898722208401254,0,1774.0,2342.0,1.0,True,-0.018589626689360594
0.9,20,1,0.915,0.9095286250438138,0.8734324650638746,0.9446676946867201,0.07123522962284545,0,5677.0,3237.0,1.0,True,0.009528625043813799,0.9081164023171227,0.8704155418366609,0.942757690841217,0.07234214900455604,0,1507.0,2246.0,1.0,True,0.008116402317122628
0.9,20,2,0.91,0.9046881953263669,0.8672113220903207,0.9427690144679595,0.07555769237763876,0,5997.0,3282.0,1.0,True,0.004688195326366884,0.9027998692203664,0.863355703830131,0.9357786621499117,0.07242295831978063,0,1488.0,2444.0,1.0,True,0.0027998692203663467
0.9,20,3,0.945,0.9386834199652945,0.9052335616374716,0.9649161993783967,0.05968263774092508,0,5060.0,2964.0,1.0,False,0.03868341996529445,0.9352764418311827,0.9061641172232163,0.9658755812073674,0.05971146398415106,0,1168.0,2265.0,1.0,False,0.035276441831182725
0.9,20,4,0.94,0.9333977933971225,0.9006377640299347,0.9637889410229381,0.06315117699300343,0,5153.0,3372.0,1.0,False,0.033397793397122455,0.9333191873743173,0.9015626909109383,0.9625209978543098,0.060958306943371454,1,1418.0,2429.0,1.0,False,0.03331918737431727
0.9,20,5,0.935,0.9287741528400093,0.8953618180690806,0.958353936531611,0.0629921184625305,0,5164.0,3335.0,1.0,True,0.02877415284000928,0.9298821842995666,0.8978230776933164,0.9596435652413073,0.061820487547990965,10,1663.0,2378.0,1.0,True,0.029882184299566572
0.9,20,6,0.895,0.8902536933878317,0.8499312245228228,0.928850082810039,0.07891885828721623,0,5484.0,2863.0,1.0,True,-0.009746306612168354,0.8879102850354611,0.8483959306784163,0.9269123504200169,0.07851641974160051,0,1488.0,2376.0,1.0,True,-0.012089714964538922
0.9,20,7,0.855,0.850474083568407,0.8059164100361174,0.894008980322623,0.08809257028650563,0,5290.0,3832.0,1.0,False,-0.04952591643159299,0.8489549149370053,0.8037000082279362,0.8942130113281745,0.09051300310023835,0,1845.0,2290.0,1.0,False,-0.051045085062994766
0.9,20,8,0.885,0.8795383819485083,0.8404322643503671,0.9159297008892058,0.07549743653883867,0,4825.0,3168.0,1.0,True,-0.020461618051491715,0.8814904872734964,0.8426117639510727,0.9209495109586119,0.07833774700753915,0,2336.0,2783.0,1.0,True,-0.018509512726503585
0.9,20,9,0.905,0.8989227937900564,0.8624518380416228,0.9330158817389074,0.07056404369728453,0,4653.0,3423.0,1.0,True,-0.0010772062099436708,0.9004871716054076,0.8646164955453021,0.9385663740387851,0.073949878493483,0,2173.0,2576.0,1.0,True,0.0004871716054075659
0.9,20,10,0.915,0.9089551775538957,0.8723038682710396,0.9449447166018647,0.07264084833082518,0,4810.0,3081.0,1.0,True,0.008955177553895632,0.908642785872459,0.8748449481143155,0.9477789819901526,0.07293403387583719,0,1332.0,2141.0,1.0,True,0.008642785872458925
0.9,20,11,0.89,0.8846601048985601,0.8452669514342844,0.925678139584454,0.08041118815016957,0,5228.0,3312.0,1.0,True,-0.01533989510143996,0.8833163688152272,0.8436719810540325,0.9235107053558043,0.07983872430177175,1,1288.0,2126.0,1.0,True,-0.016683631184772785
0.9,20,12,0.865,0.8603250313569617,0.8168684021428622,0.9001859752791264,0.0833175731362642,0,5021.0,3167.0,1.0,True,-0.03967496864303832,0.8614169908886482,0.818774033994756,0.9036661557814286,0.0848921217866726,0,1770.0,2377.0,1.0,True,-0.03858300911135182
0.9,20,13,0.91,0.9045495017230274,0.867704982581885,0.9429709129635198,0.07526593038163476,0,5695.0,3013.0,1.0,True,0.0045495017230273715,0.9025234258700862,0.8640122294324801,0.9387305807043081,0.07471835127182802,0,1182.0,2083.0,1.0,True,0.002523425870086138
0.9,20,14,0.925,0.9190056337710218,0.8842390483516822,0.9502914657316698,0.06605241737998757,0,4560.0,3601.0,1.0,True,0.019005633771021824,0.919987027506317,0.8829585048244012,0.9508809760057915,0.06792247118139028,4,1330.0,2065.0,1.0,True,0.01998702750631698
0.9,20,15,0.895,0.8899506415115446,0.8515331201104575,0.9298649896650034,0.07833186955454596,0,5385.0,3171.0,1.0,True,-0.010049358488455451,0.8864545026311907,0.8467752806043768,0.9250803717030607,0.07830509109868389,0,1598.0,2405.0,1.0,True,-0.013545497368809278
0.9,20,16,0.835,0.8316505420270821,0.7823287862724209,0.8735778157984848,0.09124902952606395,0,4446.0,3445.0,1.0,False,-0.06834945797291792,0.831707234774386,0.7825162371062769,0.875873199141108,0.09335696203483101,0,1980.0,2155.0,1.0,False,-0.068292765225614
0.9,20,17,0.91,0.904886750621971,0.8662137242658329,0.9412391902231573,0.0750254659573244,0,4816.0,3356.0,1.0,True,0.00488675062197097,0.9012230446223533,0.8616294258584359,0.9371415080630506,0.0755120822046147,0,1471.0,2061.0,1.0,True,0.001223044622353231
0.9,20,18,0.93,0.9230240826963806,0.8921478602194244,0.9539484354784135,0.06180057525898908,0,4344.0,3714.0,1.0,True,0.023024082696380566,0.9264745263010166,0.8938136609866357,0.9567635807528753,0.06294991976623954,17,2496.0,2775.0,1.0,True,0.026474526301016543
0.9,20,19,0.89,0.8843669089479826,0.8476714989779932,0.9268658377877677,0.07919433880977444,0,5259.0,3158.0,1.0,True,-0.015633091052017378,0.8860441300367335,0.8439085332327535,0.9238368196117416,0.07992828637898808,0,2105.0,2545.0,1.0,True,-0.013955869963266476
0.9,20,20,0.9,0.8948378996584146,0.8542495613877261,0.9332669773268493,0.07901741593912315,0,6157.0,3330.0,1.0,True,-0.005162100341585374,0.8932110357402409,0.8533909193969555,0.9309785453000576,0.07758762590310209,0,1381.0,2280.0,1.0,True,-0.006788964259759167
0.9,20,21,0.9,0.8944013051742169,0.8543154145088251,0.9291485588788029,0.07483314436997779,0,5443.0,3508.0,1.0,True,-0.005598694825783124,0.8958919074733606,0.8534720468030663,0.9301188831149668,0.0766468363119005,85,1435.0,1716.0,1.0,True,-0.004108092526639462
0.9,20,22,0.93,0.9237858576821418,0.8891930492149893,0.9547288743619256,0.06553582514693623,0,5277.0,3183.0,1.0,True,0.02378585768214181,0.9247558613520289,0.8896752641945922,0.9546242507253458,0.06494898653075365,0,1384.0,2002.0,1.0,True,0.024755861352028896
0.9,20,23,0.925,0.9188062560774927,0.883071553813163,0.9543773833030201,0.07130582948985709,0,6291.0,3267.0,1.0,True,0.018806256077492645,0.9165254342334844,0.880406784186635,0.951217332278117,0.07081054809148202,0,1249.0,2256.0,1.0,True,0.016525434233484404
0.9,20,24,0.905,0.8993326444076597,0.8623691385586674,0.9373548679200486,0.07498572936138126,0,5314.0,3347.0,1.0,True,-0.000667355592340324,0.8991127311115981,0.8617370817912664,0.935859046089978,0.07412196429871165,0,1608.0,2247.0,1.0,True,-0.0008872688884019597
0.9,50,0,0.918,0.9156748281760458,0.8923030030971626,0.9386089865579461,0.04630598346078352,0,6860.0,3140.0,1.0,True,0.01567482817604582,0.9141588151165961,0.8926167846791405,0.9367784356139621,0.044161650934821606,0,1182.0,2287.0,1.0,True,0.014158815116596113
0.9,50,1,0.916,0.9137299197435915,0.8905782644721819,0.9357336157731448,0.04515535130096293,0,4996.0,3129.0,1.0,True,0.013729919743591501,0.9119578352983051,0.8879065920041191,0.9337464144417048,0.045839822437585664,0,1268.0,1850.0,1.0,True,0.011957835298305075
0.9,50,2,0.908,0.905651620697074,0.8823709365435546,0.9280582569279959,0.04568732038444134,0,4755.0,3550.0,1.0,True,0.0056516206970739225,0.9058165852517379,0.8810120908202851,0.9278458927171768,0.04683380189689168,0,1659.0,2273.0,1.0,True,0.0058165852517378935
0.9,50,3,0.894,0.8916583148332864,0.8676257669260562,0.9148582653571957,0.047232498431139525,0,4572.0,3458.0,1.0,True,-0.00834168516671363,0.8926205373259352,0.8689677839083427,0.9161990816899954,0.04723129778165269,0,2297.0,2850.0,1.0,True,-0.007379462674064863
0.9,50,4,0.884,0.8815797997514975,0.8548846198546969,0.9055458493943069,0.05066122953961005,0,5771.0,3582.0,1.0,True,-0.01842020024850255,0.882223577419847,0.8571080568679058,0.9065355987446665,0.04942754187676068,0,2042.0,2578.0,1.0,True,-0.017776422580152995
0.9,50,5,0.874,0.8723231166180937,0.845355510771392,0.8995815045571085,0.054225993785716464,0,5573.0,3443.0,1.0,False,-0.027676883381906325,0.8707216182137536,0.8425102414077928,0.8970050604729423,0.054494819065149414,0,1291.0,2317.0,1.0,False,-0.02927838178624642
0.9,50,6,0.882,0.8801035660340712,0.8532809865714146,0.906013120839402,0.052732134267987396,0,5286.0,3390.0,1.0,True,-0.019896433965928773,0.8799849405397151,0.853565330986509,0.9059240565782664,0.05235872559175736,0,1635.0,2344.0,1.0,True,-0.020015059460284923
0.9,50,7,0.916,0.913810065427201,0.8903571318592478,0.9370049997010672,0.0466478678418194,0,4962.0,3080.0,1.0,True,0.01381006542720098,0.9107011001228043,0.8878513187055859,0.9330171411454335,0.04516582243984768,0,1225.0,1988.0,1.0,True,0.01070110012280423
0.9,50,8,0.93,0.927799031012476,0.9062522366054797,0.9485303378000235,0.04227810119454378,0,3886.0,2776.0,1.0,False,0.02779903101247594,0.9244109224740573,0.9023069622108497,0.9454266758396055,0.043119713628755774,0,1034.0,1183.0,1.0,False,0.024410922474057295
0.9,50,9,0.94,0.937496385314327,0.9170927493716252,0.956556171925566,0.03946342255394075,0,6612.0,3318.0,1.0,False,0.037496385314326974,0.9357892780726654,0.9158952400162612,0.9541914458436892,0.03829620582742799,0,1224.0,2086.0,1.0,False,0.03578927807266541
0.9,50,10,0.882,0.8801729767576937,0.8543403129257532,0.9037985306694456,0.04945821774369241,0,5072.0,3546.0,1.0,True,-0.01982702324230634,0.880129190851538,0.8551096112428215,0.9062615546564247,0.051151943413603185,1,1560.0,2557.0,1.0,True,-0.019870809148462065
0.9,50,11,0.922,0.9197832280445599,0.8986763160170693,0.9430552253013837,0.04437890928431443,0,6085.0,3166.0,1.0,True,0.019783228044559897,0.9179874687232821,0.8955655840222196,0.9401159057416101,0.04455032171939044,0,1325.0,1960.0,1.01,True,0.017987468723282052
0.9,50,12,0.89,0.8875663291470223,0.8638777765544575,0.9131626574628945,0.04928488090843697,0,4633.0,3147.0,1.0,True,-0.012433670852977752,0.8888804258070885,0.8615517944899282,0.9117928335048652,0.05024103901493693,0,1859.0,2357.0,1.0,True,-0.011119574192911541
0.9,50,13,0.898,0.8960093435849558,0.8711991341351728,0.9190424056756733,0.0478432715405005,0,4615.0,3213.0,1.0,True,-0.003990656415044258,0.8953465935979773,0.8708897787751085,0.9202049765991371,0.0493151978240286,0,1226.0,1977.0,1.0,True,-0.0046534064020227195
0.9,50,14,0.904,0.9019016934177991,0.8784873818344636,0.924566364506925,0.046078982672461355,0,4664.0,3584.0,1.0,True,0.0019016934177991107,0.9027649205564012,0.8808959931394766,0.9266829895404292,0.04578699640095252,0,2154.0,2683.0,1.0,True,0.002764920556401207
0.9,50,15,0.91,0.9082178889591488,0.8831499191881185,0.9304946883979506,0.047344769209832105,0,5182.0,3274.0,1.0,True,0.008217888959148767,0.9058559882635502,0.88129068644849,0.9291723565701614,0.04788167012167144,1,956.0,1352.0,1.0,True,0.00585598826355016
0.9,50,16,0.916,0.9135184092021369,0.8910035666862675,0.9352120310309758,0.044208464344708376,0,4688.0,3235.0,1.0,True,0.013518409202136872,0.9155637955637905,0.8930576572231,0.9356386697891864,0.042581012566086374,0,2874.0,2800.0,1.0,True,0.015563795563790506
0.9,50,17,0.878,0.8758085805991298,0.847116466536745,0.8987795698482093,0.05166310331146429,0,4765.0,3742.0,1.0,False,-0.024191419400870218,0.8771506148035421,0.8512273793176298,0.9026096004856361,0.05138222116800628,0,2336.0,2638.0,1.0,True,-0.02284938519645796
0.9,50,18,0.896,0.8941772711247168,0.8710991848013799,0.9200934578547001,0.04899427305332016,0,5035.0,3580.0,1.0,True,-0.005822728875283234,0.893571364849201,0.8695914980929824,0.9181635374235717,0.04857203933058929,0,1531.0,2173.0,1.0,True,-0.006428635150799056
0.9,50,19,0.886,0.8839269331859789,0.8577635763386223,0.9105521957048037,0.0527886193661814,0,5374.0,2880.0,1.0,True,-0.016073066814021097,0.8841802043062226,0.8584777805055562,0.9093967336243389,0.050918953118782695,0,1564.0,2299.0,1.0,True,-0.01581979569377745
0.9,50,20,0.89,0.8880973576556672,0.8606449605780323,0.9115374835498152,0.05089252297178293,0,5011.0,3017.0,1.0,True,-0.011902642344332803,0.8879790007301206,0.8634301526811148,0.9138202470780634,0.05039009439694864,0,1365.0,1821.0,1.0,True,-0.012020999269879429
0.9,50,21,0.918,0.9158368749974076,0.8924430145046318,0.9376561736340047,0.04521315912937285,0,4844.0,3522.0,1.0,True,0.015836874997407602,0.914565538362876,0.8915202409845071,0.9375636535368875,0.046043412552380425,0,1359.0,2116.0,1.01,True,0.014565538362875996
0.9,50,22,0.894,0.8918543293474147,0.86772081286732,0.9180220944832975,0.05030128161597758,0,5429.0,3421.0,1.0,True,-0.008145670652585313,0.8915698152055666,0.8676759658007,0.9151675516890818,0.04749158588838176,0,1691.0,2133.0,1.0,True,-0.00843018479443347
0.9,50,23,0.92,0.9175929108797384,0.8957472698419643,0.9407078582552744,0.044960588413310076,0,5331.0,3542.0,1.0,True,0.017592910879738355,0.9169861725813326,0.8946329175775656,0.9380038883198062,0.04337097074224061,0,1502.0,1953.0,1.0,True,0.016986172581332615
0.9,50,24,0.892,0.8894976798208415,0.8656686496130762,0.9131439031644746,0.047475253551398366,0,4753.0,3216.0,1.0,True,-0.01050232017915853,0.8911531343660865,0.8661412539042721,0.9148853541912683,0.04874410028699616,0,2151.0,2708.0,1.0,True,-0.00884686563391357
0.9,100,0,0.923,0.9216684230577213,0.9051103484714288,0.9365153704428066,0.031405021971377844,0,5196.0,3797.0,1.0,False,0.02166842305772132,0.9212967656143087,0.9052256099102453,0.9356554818282843,0.03042987191803903,0,1417.0,1865.0,1.0,False,0.02129676561430871
0.9,100,1,0.901,0.8997169444879385,0.8819031213746952,0.9164232265408981,0.03452010516620296,0,4964.0,3533.0,1.0,True,-0.00028305551206153634,0.8996958607079629,0.8836213884217177,0.9176605868217983,0.03403919840008063,0,2522.0,2519.0,1.0,True,-0.0003041392920370978
0.9,100,2,0.879,0.8777798391830922,0.8596730156538497,0.8959780612648541,0.03630504561100445,0,5055.0,3519.0,1.0,False,-0.022220160816907808,0.8783942797948734,0.8600363213372427,0.8966649441637562,0.03662862282651347,0,2269.0,2311.0,1.0,False,-0.021605720205126633
0.9,100,3,0.919,0.9178572027681,0.9031023564461722,0.9344876816272273,0.03138532518105508,0,5095.0,3468.0,1.0,False,0.01785720276809999,0.9181669024605967,0.9021635542641478,0.9331157325406835,0.030952178276535625,0,2389.0,1851.0,1.0,False,0.018166902460596712
0.9,100,4,0.91,0.9085522424142136,0.892737957581126,0.924679555538634,0.03194159795750806,0,3958.0,3218.0,1.0,True,0.008552242414213596,0.9093790422768623,0.8933314277877036,0.9249789718849817,0.0316475440972781,0,2366.0,2246.0,1.0,True,0.00937904227686226
0.9,100,5,0.9,0.898722965455363,0.8818841790902185,0.9163930560903483,0.03450887700012972,0,5581.0,3647.0,1.0,True,-0.0012770345446370124,0.8991419849593947,0.8823579556096602,0.9166434420407916,0.034285486431131384,0,2345.0,2424.0,1.0,True,-0.0008580150406053422
0.9,100,6,0.884,0.882708233499761,0.8650123378389394,0.9004310488072028,0.035418710968263434,0,4525.0,3328.0,1.0,True,-0.017291766500239003,0.8839707413241221,0.865712780723425,0.9011743455841377,0.035461564860712724,0,3579.0,2962.0,1.0,True,-0.0160292586758779
0.9,100,7,0.894,0.8928252727028472,0.8760253787348866,0.9106432097773715,0.03461783104248484,0,5249.0,3263.0,1.0,True,-0.00717472729715285,0.8937779850992249,0.877171436878178,0.9114645187760955,0.034293081897917466,0,2242.0,2646.0,1.0,True,-0.006222014900775119
0.9,100,8,0.891,0.8899378929510683,0.8730578962105253,0.9069476911162692,0.03388979490574384,0,5227.0,3572.0,1.0,True,-0.010062107048931734,0.8905173749233575,0.8737030323356076,0.9089575670381831,0.035254534702575446,0,2367.0,2931.0,1.0,True,-0.009482625076642548
0.9,100,9,0.922,0.9209191510484083,0.904803737191,0.9356797919783568,0.030876054787356777,0,5711.0,2549.0,1.0,False,0.020919151048408247,0.9201112558604452,0.904475728258106,0.9354618597585302,0.030986131500424285,0,1316.0,1900.0,1.0,False,0.020111255860445154
0.9,100,10,0.892,0.8910151633041197,0.8732820229835232,0.9090865968691431,0.03580457388561986,0,5664.0,3857.0,1.0,True,-0.00898483669588035,0.8906023443202211,0.8725995617574854,0.9090467862262314,0.03644722446874593,0,1414.0,2049.0,1.0,True,-0.009397655679778905
0.9,100,11,0.879,0.8781188278914744,0.8594099226267519,0.8965031690478544,0.037093246421102566,0,5698.0,3478.0,1.0,False,-0.02188117210852558,0.8777846360765192,0.8595334202605055,0.8981358766910168,0.0386024564305113,0,1472.0,1962.0,1.0,False,-0.02221536392348078
0.9,100,12,0.878,0.8771053627517001,0.8571901506685228,0.8947119712823011,0.03752182061377829,0,5827.0,3837.0,1.0,False,-0.022894637248299876,0.8769211212792822,0.8583172737616005,0.8945873438183815,0.036270070056780956,0,1782.0,2460.0,1.0,False,-0.023078878720717788
0.9,100,13,0.881,0.8799041657856626,0.8615840308880508,0.8979880921201,0.0364040612320492,0,4659.0,3068.0,1.0,False,-0.02009583421433747,0.8798353180616834,0.8607713158888756,0.8990865265276797,0.038315210638804165,0,1734.0,2447.0,1.0,False,-0.020164681938316664
0.9,100,14,0.893,0.8918849784150245,0.8740293024957083,0.9084606748930084,0.0344313723973001,0,4949.0,3636.0,1.0,True,-0.008115021584975568,0.8927193755846518,0.8750006684174337,0.9103993498828555,0.0353986814654218,0,2477.0,2722.0,1.0,True,-0.007280624415348269
0.9,100,15,0.911,0.9100064134927017,0.8934537179399421,0.9262151864501331,0.032761468510191016,0,5590.0,2954.0,1.0,True,0.010006413492701705,0.9090492680352125,0.8913424782975209,0.92504080358109,0.033698325283569086,0,1238.0,1825.0,1.0,True,0.009049268035212443
0.9,100,16,0.932,0.930899991008449,0.9163763166303801,0.9457192101782614,0.029342893547881332,0,5129.0,3666.0,1.0,False,0.03089999100844898,0.931045722852199,0.9155920741361716,0.9450170951697257,0.029425021033554044,0,2072.0,2060.0,1.0,False,0.031045722852198976
0.9,100,17,0.898,0.8968214674976883,0.8797541857758381,0.9145384118176628,0.03478422604182474,0,6036.0,3217.0,1.0,True,-0.003178532502311704,0.8965575236857676,0.8795847325478263,0.9137657224691428,0.03418098992131646,0,1880.0,2321.0,1.0,True,-0.0034424763142324455
0.9,100,18,0.899,0.8979205025978049,0.8805511591793631,0.91521242567886,0.03466126649949686,0,4438.0,3251.0,1.0,True,-0.0020794974021951518,0.8983861917686101,0.8816086710288396,0.915031192020606,0.03342252099176646,0,2052.0,2566.0,1.0,True,-0.0016138082313899016
0.9,100,19,0.912,0.9109090930461257,0.895059620403958,0.9274057691357172,0.03234614873175912,0,6017.0,3798.0,1.0,True,0.01090909304612564,0.9103906213162076,0.8947355704492904,0.9268879909728591,0.0321524205235687,0,2008.0,2196.0,1.0,True,0.010390621316207604
0.9,100,20,0.893,0.89208959139635,0.8742536713395082,0.9084128653906878,0.03415919405117962,0,5234.0,3844.0,1.0,True,-0.007910408603649999,0.89233855977178,0.8753279603525138,0.9095114452649615,0.034183484912447715,0,2775.0,2346.0,1.0,True,-0.007661440228220018
0.9,100,21,0.894,0.8927942593113867,0.8743688332682118,0.9094498436068174,0.035081010338605556,0,6267.0,3694.0,1.0,True,-0.007205740688613349,0.8926792710121394,0.8761007701905635,0.9102941210117355,0.03419335082117192,0,1913.0,1954.0,1.0,True,-0.007320728987860625
0.9,100,22,0.912,0.9108408090634316,0.8946929349061161,0.9271692950331938,0.032476360127077664,0,4897.0,3188.0,1.0,True,0.010840809063431545,0.9103298278355576,0.8954134281341263,0.9275672556017932,0.03215382746766693,0,1533.0,2187.0,1.0,True,0.010329827835557581
0.9,100,23,0.872,0.8709566235671207,0.8528139867474528,0.8895720783153143,0.03675809156786147,0,5149.0,3148.0,1.0,False,-0.029043376432879353,0.8719764255806244,0.8524844707938537,0.8897702614268446,0.03728579063299087,0,3393.0,2882.0,1.0,False,-0.02802357441937564
0.9,100,24,0.89,0.888829042040255,0.8719668767399155,0.9059775629194792,0.03401068617956371,0,4932.0,3655.0,1.0,True,-0.011170957959744987,0.8895883476495562,0.8715155899065341,0.9065858684610117,0.03507027855447764,0,2535.0,2693.0,1.0,True,-0.010411652350443834
0.95,20,0,0.96,0.9531316665130102,0.9253002540186541,0.9780155010239009,0.05271524700524677,0,4664.0,3424.0,1.0,True,0.003131666513010223,0.9494123843364202,0.9214276909006522,0.9761420186898149,0.05471432778916263,3,906.0,1869.0,1.0,True,-0.000587615663579788
0.95,20,1,0.96,0.9532306246480948,0.9267302553796448,0.9789674324711926,0.05223717709154774,0,5367.0,3141.0,1.0,True,0.003230624648094871,0.9504260098526199,0.923146764841656,0.9777659090141544,0.05461914417249836,11,878.0,2211.0,1.0,True,0.0004260098526199796
0.95,20,2,0.96,0.9523810972335136,0.9240400464611671,0.9762772497965552,0.05223720333538806,0,4628.0,3252.0,1.0,True,0.0023810972335136515,0.9544038736884666,0.9286518437448907,0.9789039738524157,0.05025213010752494,31,1172.0,1902.0,1.0,True,0.00440387368846662
0.95,20,3,0.94,0.9338987058810456,0.8995452783010874,0.9635277527438947,0.06398247444280725,0,4450.0,2983.0,1.0,True,-0.016101294118954335,0.9317118570699212,0.8994401653285877,0.9618217802320962,0.062381614903508464,0,1581.0,2444.0,1.0,True,-0.018288142930078743
0.95,20,4,0.97,0.9622965132914283,0.9364291833712649,0.9834992377529217,0.04707005438165679,0,4938.0,2894.0,1.0,True,0.012296513291428335,0.9612883213545691,0.937764135934655,0.9838928051347164,0.04612866920006142,33,889.0,1839.0,1.01,True,0.011288321354569142
0.95,20,5,0.93,0.9230411717254778,0.8902799318262414,0.9540542770376907,0.06377434521144931,0,4908.0,3378.0,1.0,True,-0.026958828274522117,0.9272196850559692,0.8956737474361278,0.9585371797248172,0.0628634322886894,24,1958.0,2359.0,1.0,True,-0.022780314944030766
0.95,20,6,0.935,0.9282392000419473,0.8951771664148391,0.9615052741522927,0.06632810773745357,0,5512.0,3084.0,1.0,True,-0.02176079995805269,0.9278159269131535,0.8954633145029351,0.9602467320325391,0.06478341752960393,0,1626.0,2373.0,1.0,True,-0.022184073086846445
0.95,20,7,0.98,0.9719117312328805,0.9510413738379544,0.9900090573109832,0.038967683473028814,0,4578.0,2984.0,1.0,False,0.021911731232880594,0.971599277282769,0.95042932066499,0.9910872638787339,0.04065794321374394,40,799.0,1561.0,1.01,False,0.021599277282769003
0.95,20,8,0.915,0.9089295958151519,0.8749529209475245,0.9450874280123989,0.07013450706487434,0,5529.0,3617.0,1.0,False,-0.041070404184848086,0.9111243226625537,0.8746127139068092,0.9441539885211672,0.069541274614358,3,1715.0,2346.0,1.0,False,-0.038875677337446235
0.95,20,9,0.935,0.9284021268067658,0.8966569990922285,0.9605262277129681,0.06386922862073963,0,5091.0,3069.0,1.0,True,-0.02159787319323414,0.9289419289811017,0.8956337850823293,0.9591061354710816,0.06347235038875232,1,1791.0,2479.0,1.0,True,-0.021058071018898228
0.95,20,10,0.915,0.9084717960679854,0.8727234279225731,0.9414189935392563,0.06869556561668322,0,4748.0,3654.0,1.0,False,-0.04152820393201451,0.9111712589072378,0.8759837556266812,0.9438547729405949,0.06787101731391376,0,1798.0,2641.0,1.0,False,-0.03882874109276213
0.95,20,11,0.975,0.9668944014734567,0.9443761034477488,0.9887590452238245,0.04438294177607571,0,4851.0,2698.0,1.0,True,0.016894401473456777,0.966292893161419,0.9428574283974976,0.9864926722346724,0.043635243837174764,9,889.0,2341.0,1.01,True,0.01629289316141902
0.95,20,12,0.955,0.9480790636407942,0.9184489313818841,0.9743385950152392,0.055889663633355124,0,5496.0,3354.0,1.0,True,-0.0019209363592057604,0.9445461812965231,0.9136094558333596,0.9720392204946866,0.05842976466132699,0,775.0,1318.0,1.0,True,-0.0054538187034768315
0.95,20,13,0.92,0.9120930829203926,0.8809214094550152,0.943227470573333,0.062306061118317824,0,4337.0,3413.0,1.0,False,-0.03790691707960736,0.9191863004123133,0.8892047856331303,0.9492703693173548,0.06006558368422443,239,2799.0,2801.0,1.0,False,-0.03081369958768665
0.95,20,14,0.95,0.9434580711411352,0.9146730557648118,0.9722198021834686,0.05754674641865676,0,4907.0,2932.0,1.0,True,-0.006541928858864732,0.9403340729513476,0.9114574926703952,0.9691771871303644,0.05771969445996916,0,1122.0,2026.0,1.0,True,-0.009665927048652323
0.95,20,15,0.955,0.947796008905687,0.9199536989718204,0.9741854488807884,0.05423174990896795,0,5074.0,3692.0,1.0,True,-0.002203991094312907,0.9492810795659725,0.9225187354956994,0.9768901426371376,0.05437140714143818,59,1056.0,2043.0,1.0,True,-0.0007189204340274369
0.95,20,16,0.925,0.9193042650786849,0.8833762603276967,0.9524035500859608,0.06902728975826411,0,4656.0,2821.0,1.0,True,-0.030695734921315054,0.9169794421146503,0.8819213295405679,0.951328207969994,0.06940687842942606,0,1356.0,2203.0,1.0,True,-0.03302055788534963
0.95,20,17,0.945,0.9384849344139885,0.9074065282946759,0.96876474650895,0.06135821821427401,0,6335.0,3476.0,1.0,True,-0.011515065586011453,0.9369690674681542,0.9066342948337331,0.9676133637301206,0.06097906889638749,1,1195.0,2208.0,1.0,True,-0.01303093253184573
0.95,20,18,0.95,0.9417745103510724,0.9125736564892641,0.9686260248057789,0.05605236831651472,0,4668.0,3724.0,1.0,True,-0.008225489648927553,0.9469968430689062,0.9196494535273882,0.9721569340219566,0.052507480494568326,147,2068.0,2569.0,1.0,True,-0.0030031569310937645
0.95,20,19,0.97,0.9622771570377789,0.9376553042724378,0.9856204156389308,0.04796511136649295,0,5054.0,2920.0,1.0,True,0.012277157037778985,0.9628982167295647,0.9378589277899287,0.9838209005795051,0.045961972789576366,74,687.0,1627.0,1.0,True,0.012898216729564704
0.95,20,20,0.965,0.9575684154493035,0.9298608432186932,0.9803023691848616,0.050441525966168355,0,4795.0,2721.0,1.0,True,0.007568415449303534,0.9548524758033448,0.9289360194963147,0.9778502988039413,0.048914279307626596,2,1121.0,2169.0,1.0,True,0.004852475803344802
0.95,20,21,0.965,0.9551739115539358,0.9325802545048071,0.9769081971497894,0.0443279426449823,0,4335.0,3357.0,1.0,True,0.005173911553935873,0.9622296523475591,0.9401986948766556,0.9821954507055468,0.041996755828891175,626,1544.0,1946.0,1.0,True,0.012229652347559128
0.95,20,22,0.93,0.9243813937929972,0.8863050943383662,0.9563104119071089,0.07000531756874262,0,4727.0,3074.0,1.0,True,-0.025618606207002736,0.9225726408173723,0.8910003074632403,0.9561751209514061,0.06517481348816578,0,1544.0,2254.0,1.0,True,-0.02742735918262762
0.95,20,23,0.955,0.9480250104820088,0.9201681773701431,0.9759454925719585,0.05577731520181539,0,4482.0,2885.0,1.0,True,-0.0019749895179911325,0.945249063567643,0.9174747612810461,0.9734495137249491,0.05597475244390304,0,1305.0,1971.0,1.0,True,-0.004750936432356911
0.95,20,24,0.985,0.9761258858561147,0.9576586242893166,0.9925655398210316,0.03490691553171499,0,5271.0,3106.0,1.0,False,0.02612588585611475,0.9781010874850936,0.960717702449811,0.9948402769006922,0.03412257445088118,189,369.0,1614.0,1.02,False,0.028101087485093657
0.95,50,0,0.982,0.9784405560020109,0.9667999441522338,0.9897756245190755,0.022975680366841722,0,6026.0,3309.0,1.0,False,0.028440556002010897,0.9774703722826615,0.9664175094772693,0.9892978599401749,0.022880350462905596,46,387.0,1344.0,1.01,False,0.02747037228266158
0.95,50,1,0.938,0.9352317745210244,0.915638196921285,0.9550872917004145,0.0394490947791295,0,5249.0,3443.0,1.0,True,-0.014768225478975605,0.9357336350417088,0.9163547242002325,0.9546772836000235,0.03832255939979101,1,1750.0,2360.0,1.0,True,-0.014266364958291144
0.95,50,2,0.942,0.9395325600468268,0.9195865461932964,0.9577069686721369,0.03812042247884051,0,4800.0,3087.0,1.0,True,-0.010467439953173119,0.9382967330858342,0.9191700766214943,0.9568944067950916,0.03772433017359733,0,1197.0,1707.0,1.0,True,-0.011703266914165789
0.95,50,3,0.96,0.9570618179705932,0.9408668230146574,0.9736482835132461,0.032781460498588655,0,6204.0,2770.0,1.0,True,0.007061817970593243,0.9562658659934232,0.9404018587454493,0.9719277809294506,0.0315259221840013,1,937.0,1657.0,1.01,True,0.00626586599342327
0.95,50,4,0.95,0.9469000891346778,0.9299660129209804,0.964154081133011,0.03418806821203069,0,4352.0,3389.0,1.0,True,-0.0030999108653221308,0.9479699856664218,0.9312400025327391,0.9648805629668378,0.03364056043409869,16,2164.0,2831.0,1.0,True,-0.0020300143335781895
0.95,50,5,0.952,0.9488371581287974,0.9322330653934876,0.967643766997238,0.03541070160375037,0,4392.0,3419.0,1.0,True,-0.0011628418712025246,0.9501198589955062,0.9337726599304741,0.9676333629678904,0.033860703037416284,14,1855.0,2192.0,1.0,True,0.00011985899550626122
0.95,50,6,0.948,0.9454183192074828,0.9265158745314461,0.9630447106444767,0.036528836113030594,0,6331.0,3524.0,1.0,True,-0.004581680792517195,0.9441937630416112,0.9253985122102202,0.9611138087735676,0.035715296563347376,0,1277.0,2346.0,1.0,True,-0.005806236958388777
0.95,50,7,0.954,0.9511436702137055,0.9348262945727731,0.9687650313751962,0.0339387368024231,0,4703.0,3646.0,1.0,True,0.0011436702137055388,0.9519240631479927,0.9345065650804935,0.9676278107789537,0.0331212456984602,18,1730.0,2581.0,1.0,True,0.0019240631479927606
0.95,50,8,0.928,0.9254778098423153,0.9034559247092089,0.9457391911213283,0.042283266412119436,0,4631.0,3509.0,1.0,False,-0.024522190157684642,0.9261916692584273,0.906023601597409,0.9481470260295017,0.042123424432092715,0,1786.0,2398.0,1.0,False,-0.023808330741572625
0.95,50,9,0.98,0.9766434759910804,0.9644145615004006,0.9883158613904611,0.023901299890060512,1,4811.0,3133.0,1.0,False,0.026643475991080412,0.9756062364177691,0.9637376922968731,0.9882937871946805,0.024556094897807412,24,818.0,1722.0,1.01,False,0.025606236417769157
0.95,50,10,0.924,0.9212849813352536,0.9020991936461528,0.942572890281425,0.04047369663527223,0,4474.0,3271.0,1.0,False,-0.02871501866474635,0.9227608796274694,0.9037999234961076,0.9437930843292488,0.039993160833141195,5,3414.0,2996.0,1.0,False,-0.027239120372530512
0.95,50,11,0.932,0.929221939316994,0.9084978014915404,0.948369050950305,0.039871249458764635,0,4763.0,3659.0,1.0,False,-0.020778060683005917,0.9297835982875676,0.9083922997574339,0.9495640308832201,0.041171731125786204,3,1682.0,2397.0,1.0,False,-0.02021640171243233
0.95,50,12,0.958,0.9546445205662041,0.9382986447148713,0.9702353710911245,0.03193672637625311,0,4641.0,3307.0,1.0,True,0.0046445205662041245,0.9556336172306905,0.9395689671014766,0.9720215472918134,0.03245258019033681,41,1784.0,2824.0,1.0,True,0.005633617230690557
0.95,50,13,0.956,0.9530048025122175,0.935500299623931,0.9695268866838541,0.03402658705992312,0,6326.0,3882.0,1.0,True,0.0030048025122175748,0.9522245538472256,0.936274793576948,0.9695307301017668,0.03325593652481884,1,828.0,1751.0,1.0,True,0.002224553847225641
0.95,50,14,0.934,0.9312977574741232,0.9122838962299128,0.9510556598030128,0.03877176357309997,0,5341.0,3761.0,1.0,True,-0.01870224252587671,0.9316284926682747,0.911023115175516,0.9513924334362586,0.040369318260742526,0,2085.0,2772.0,1.0,True,-0.018371507331725212
0.95,50,15,0.948,0.9451068604651962,0.9254725142288477,0.9618556740127966,0.036383159783948904,0,4458.0,3375.0,1.0,True,-0.004893139534803748,0.9464170140555844,0.9286073272085581,0.964631049295341,0.03602372208678295,24,2162.0,2311.0,1.0,True,-0.0035829859444155288
0.95,50,16,0.938,0.9350600319718501,0.9153671329736491,0.9547899569303507,0.0394228239567016,0,4308.0,3251.0,1.0,True,-0.014939968028149897,0.9357427672995778,0.9161772283438713,0.9548980810812995,0.0387208527374282,2,2113.0,2231.0,1.0,True,-0.014257232700422118
0.95,50,17,0.948,0.9446091042548846,0.9261184652652013,0.9612147932069078,0.035096327941706584,0,3962.0,3454.0,1.0,True,-0.0053908957451153094,0.9467095473957262,0.9300311012924547,0.9626723069572247,0.03264120566477002,105,2211.0,2838.0,1.0,True,-0.0032904526042737414
0.95,50,18,0.944,0.9411813570406484,0.9218602874247214,0.9606267447663558,0.03876645734163442,0,5133.0,3599.0,1.0,True,-0.00881864295935153,0.9408627404185729,0.9212862505793316,0.9582703735142748,0.03698412293494324,0,1239.0,2242.0,1.0,True,-0.009137259581427082
0.95,50,19,0.972,0.9686951888269755,0.9554211866645504,0.9826687595530719,0.02724757288852142,0,5854.0,3365.0,1.0,False,0.018695188826975517,0.9686765924314404,0.9548575532920087,0.9822223983109308,0.027364845018922113,35,713.0,1354.0,1.01,False,0.018676592431440486
0.95,50,20,0.946,0.9429582011367361,0.9229065653951789,0.9609725847105344,0.03806601931535547,0,5587.0,3601.0,1.0,True,-0.007041798863263837,0.9430878577402352,0.922560725026441,0.9600653831393148,0.037504658112873734,2,1336.0,1564.0,1.0,True,-0.006912142259764775
0.95,50,21,0.924,0.920961885689115,0.9000354664190793,0.9411929963971855,0.04115752997810618,0,4531.0,3362.0,1.0,False,-0.029038114310884988,0.9231569518799121,0.9022737909762168,0.9428005191905016,0.04052672821428471,18,3156.0,3010.0,1.0,False,-0.026843048120087865
0.95,50,22,0.946,0.9429360943299863,0.9250706776989334,0.9610813731618663,0.036010695462932896,0,5003.0,3677.0,1.0,True,-0.007063905670013693,0.9449019733266678,0.9276986549699366,0.9625253506850162,0.03482669571507957,38,2416.0,2946.0,1.0,True,-0.0050980266733321455
0.95,50,23,0.938,0.9350442391641701,0.9155712941848885,0.9548722287826863,0.03930093459779782,0,5158.0,2877.0,1.0,True,-0.014955760835829834,0.9359877696747401,0.915210631422317,0.9538675285392515,0.03865689711693454,2,1965.0,2608.0,1.0,True,-0.014012230325259889
0.95,50,24,0.95,0.946672008709744,0.9271186503367951,0.9631712459459064,0.03605259560911134,0,4251.0,3257.0,1.0,True,-0.0033279912902559605,0.9483515931055346,0.9303878971988654,0.9652305662263002,0.034842669027434825,30,1584.0,1449.0,1.0,True,-0.0016484068944653263
0.95,100,0,0.959,0.957285926673964,0.9458606819726371,0.9687979449705013,0.02293726299786425,0,4865.0,3471.0,1.0,True,0.007285926673963994,0.9579563686081808,0.946915150202734,0.9692365610902964,0.022321410887562454,9,1839.0,2848.0,1.0,True,0.00795636860818083
0.95,100,1,0.953,0.9513092873270427,0.93829347638474,0.9630137051129394,0.024720228728199345,0,4381.0,2729.0,1.0,True,0.0013092873270427186,0.9519682162310394,0.9403288227528077,0.9639118344732787,0.023583011720470948,19,2413.0,2944.0,1.0,True,0.001968216231039488
0.95,100,2,0.964,0.9619356951106467,0.9517320178933432,0.9728493045704206,0.021117286677077463,0,4182.0,3367.0,1.0,False,0.011935695110646738,0.9630508716784603,0.9522545996431884,0.9731974149167921,0.020942815273603754,35,1988.0,2831.0,1.0,False,0.013050871678460307
0.95,100,3,0.956,0.9546254182691303,0.9428543613784747,0.9673690375427866,0.02451467616431191,0,5140.0,3266.0,1.0,True,0.004625418269130321,0.9543930011099323,0.9421385031901639,0.9660414234561079,0.023902920265943983,0,1597.0,2359.0,1.0,True,0.0043930011099323485
0.95,100,4,0.967,0.9653997036145494,0.9546235279419141,0.9751791893339862,0.0205556613920721,0,4477.0,3373.0,1.0,False,0.015399703614549454,0.9652532046894927,0.9547040751193653,0.9754080881126175,0.020704012993252197,23,1593.0,2531.0,1.0,False,0.015253204689492761
0.95,100,5,0.96,0.9584112248723775,0.9478508524139302,0.9696550835176659,0.02180423110373575,0,3796.0,3294.0,1.0,True,0.008411224872377554,0.9585708933773103,0.9469677476742038,0.968823721603852,0.02185597392964822,4,2317.0,3026.0,1.0,True,0.008570893377310318
0.95,100,6,0.944,0.9426019033314701,0.9294284712489025,0.9556797468525486,0.02625127560364615,0,4784.0,3422.0,1.0,True,-0.007398096668529863,0.942513366800107,0.9295068312755069,0.955072621460336,0.025565790184829074,0,1605.0,2048.0,1.0,True,-0.007486633199892956
0.95,100,7,0.949,0.9474171134284497,0.9349654152777879,0.9601673969182367,0.025201981640448845,0,4202.0,3169.0,1.0,True,-0.002582886571550258,0.9482028318591056,0.9360259984371946,0.9604993099080642,0.02447331147086962,4,2318.0,2804.0,1.0,True,-0.0017971681408943674
0.95,100,8,0.954,0.9522686753635096,0.9403431400156324,0.9640803472551717,0.023737207239539315,0,4317.0,3648.0,1.0,True,0.002268675363509609,0.9533477108239294,0.9413395128964251,0.9644894253590955,0.023149912462670397,77,1776.0,2456.0,1.0,True,0.003347710823929484
0.95,100,9,0.953,0.9515263771890463,0.9392239541933709,0.9631135045941247,0.0238895504007538,0,4501.0,2906.0,1.0,True,0.0015263771890463573,0.9516274361748472,0.9392981936605079,0.9639641990037049,0.02466600534319696,0,1860.0,2230.0,1.0,True,0.0016274361748472854
0.95,100,10,0.955,0.9533948503795614,0.9414350204570997,0.9659703014185418,0.024535280961442085,0,5394.0,3308.0,1.0,True,0.0033948503795614426,0.9528494876488656,0.9409541789231176,0.965047722105082,0.02409354318196444,0,1393.0,1693.0,1.0,True,0.002849487648865612
0.95,100,11,0.971,0.9694021221953588,0.9595740267018081,0.97944000180132,0.019865975099511823,1,7222.0,3097.0,1.0,False,0.019402122195358862,0.9686379394834057,0.9592011084217913,0.978664144039998,0.019463035618206725,3,896.0,1515.0,1.0,False,0.018637939483405752
0.95,100,12,0.954,0.9523735502945566,0.9394213313524692,0.9643916344420427,0.024970303089573487,0,4878.0,3510.0,1.0,True,0.002373550294556659,0.9525803584051953,0.9404503523905888,0.9642224933582034,0.023772140967614597,0,1673.0,2527.0,1.0,True,0.0025803584051953266
0.95,100,13,0.95,0.9482003582366876,0.9364388197458312,0.9601872492929151,0.023748429547083894,0,4330.0,3521.0,1.0,True,-0.0017996417633123762,0.9495352339598121,0.9375148758425532,0.9613431243931114,0.023828248550558206,95,2613.0,2878.0,1.0,True,-0.0004647660401878584
0.95,100,14,0.923,0.9216477671474275,0.9065284757125852,0.9370804358118283,0.030551960099243103,0,4456.0,3447.0,1.0,False,-0.02835223285257249,0.9221301124914171,0.9064011193930526,0.9366182592266412,0.030217139833588647,0,2315.0,2418.0,1.0,False,-0.02786988750858288
0.95,100,15,0.95,0.9485039707286549,0.9360804443287541,0.9614162929911052,0.025335848662351057,0,5153.0,3454.0,1.0,True,-0.0014960292713450674,0.9483728437083141,0.9356482924278219,0.9606617811113108,0.02501348868348896,2,1756.0,2312.0,1.0,True,-0.0016271562916858606
0.95,100,16,0.962,0.9605818238100433,0.9495717508893957,0.9715201917938993,0.02194844090450354,0,4879.0,3512.0,1.0,True,0.010581823810043356,0.9600552508799316,0.9488920748614983,0.9713897542572169,0.02249767939571856,3,1048.0,1069.0,1.0,True,0.010055250879931643
0.95,100,17,0.952,0.9505287550594341,0.9373739875533165,0.9619801676808608,0.02460618012754434,0,4817.0,3841.0,1.0,True,0.0005287550594341717,0.9503662824277096,0.937468106141579,0.9626476812383585,0.025179575096779483,0,1878.0,2473.0,1.0,True,0.00036628242770964103
0.95,100,18,0.945,0.9435222845016564,0.9309794435115766,0.9558927310001144,0.024913287488537827,0,4598.0,3365.0,1.0,True,-0.006477715498343528,0.9445988124131107,0.9318772744346521,0.9569497322674587,0.02507245783280665,7,2290.0,2731.0,1.0,True,-0.005401187586889233
0.95,100,19,0.939,0.9376760012772597,0.9243160582073964,0.9513728670362113,0.027056808828814893,0,5063.0,2884.0,1.0,True,-0.01232399872274026,0.9380106351529724,0.9240191808554151,0.951152790674214,0.027133609818798865,0,2541.0,2888.0,1.0,True,-0.011989364847027506
0.95,100,20,0.952,0.9504901468107716,0.939084706303254,0.9629844509698674,0.023899744666613376,0,4697.0,3697.0,1.0,True,0.0004901468107716411,0.9508869946718214,0.938180666783367,0.9625063609854765,0.024325694202109505,0,2114.0,2596.0,1.0,True,0.0008869946718214061
0.95,100,21,0.967,0.9651574134761408,0.9543930537424052,0.9748800233740278,0.020486969631622554,0,4432.0,3559.0,1.0,False,0.015157413476140857,0.9659423321014315,0.955833507277538,0.9765288797203286,0.020695372442790627,55,2326.0,2693.0,1.0,False,0.01594233210143159
0.95,100,22,0.94,0.9382744933979154,0.9254461755554825,0.9514186171991986,0.02597244164371615,0,4179.0,3180.0,1.0,True,-0.011725506602084601,0.9397289451278127,0.927425398140334,0.952775324120464,0.025349925980129973,48,2517.0,2902.0,1.0,True,-0.010271054872187269
0.95,100,23,0.955,0.9533476626122653,0.9419642497369901,0.9655596671735234,0.02359541743653326,0,4750.0,3458.0,1.0,True,0.0033476626122653785,0.9535375763542729,0.9415036440842439,0.9650259253721213,0.023522281287877367,3,1874.0,2816.0,1.0,True,0.0035375763542729866
0.95,100,24,0.958,0.9562693502198503,0.944668579926949,0.9683443055094445,0.023675725582495533,0,5334.0,3579.0,1.0,True,0.0062693502198503115,0.9563579560881759,0.9446646185048665,0.9680673435144843,0.02340272500961782,0,1357.0,2074.0,1.01,True,0.006357956088175909
1.0,20,0,1.0,0.9890907027226082,0.9775513994841319,0.9975273768433655,0.01997597735923351,0,7913.0,3374.0,1.0,False,-0.01090929727739176,0.9898906762582592,0.9770771545178167,0.9995586717189318,0.02248151720111502,474,240.0,552.0,1.03,False,-0.010109323741740783
1.0,20,1,1.0,0.9891095586093814,0.9770936684625653,0.9975273768433655,0.020433708380800164,0,7054.0,3163.0,1.0,False,-0.010890441390618566,0.9901263134138376,0.9779477710271808,0.9997399159160042,0.021792144888823417,399,363.0,763.0,1.0,False,-0.009873686586162389
1.0,20,2,1.0,0.9891651902939527,0.9775339404293875,0.9975273768433655,0.019993436413977994,0,7638.0,2980.0,1.0,False,-0.010834809706047333,0.9905223445786686,0.9787512036257896,0.9998745986489199,0.02112339502313032,604,258.0,945.0,1.01,False,-0.009477655421331388
1.0,20,3,1.0,0.9889704011097726,0.9773317258192302,0.9975273768433655,0.02019565102413523,0,7543.0,2785.0,1.0,False,-0.011029598890227366,0.9905226737547719,0.9789783649035576,0.9996025809046192,0.02062421600106157,522,373.0,1150.0,1.0,False,-0.009477326245228124
1.0,20,4,1.0,0.9890986194822481,0.9772874544131487,0.9975273768433655,0.020239922430216772,0,7565.0,2874.0,1.0,False,-0.010901380517751913,0.9907242451722422,0.9791739557374323,0.9997099167686339,0.02053596103120159,574,291.0,1015.0,1.01,False,-0.009275754827757776
1.0,20,5,1.0,0.9890983230870773,0.9774577648434797,0.9975273768433655,0.020069611999885772,0,6317.0,2977.0,1.0,False,-0.010901676912922653,0.9908863880944319,0.9795527260391556,0.9996671340398683,0.020114408000712736,522,456.0,1144.0,1.01,False,-0.009113611905568142
1.0,20,6,1.0,0.9892120047290995,0.9779021453193262,0.9975273768433655,0.019625231524039277,0,7494.0,2941.0,1.0,False,-0.010787995270900463,0.9905382463230542,0.979236635514201,0.9995318110095485,0.02029517549534743,526,311.0,889.0,1.01,False,-0.009461753676945794
1.0,20,7,1.0,0.9890900059455021,0.97763091538393,0.9975273768433655,0.019896461459435466,0,6398.0,2904.0,1.0,False,-0.010909994054497885,0.9899310112568699,0.97747665816666,0.9995546799969705,0.02207802183031049,437,238.0,757.0,1.01,False,-0.010068988743130114
1.0,20,8,1.0,0.9891425230156574,0.9773046604133345,0.9975273768433655,0.02022271643003093,0,6063.0,3090.0,1.0,False,-0.010857476984342584,0.9911204482218962,0.9801091317975678,0.9996538613181096,0.01954472952054187,502,357.0,1198.0,1.02,False,-0.008879551778103845
1.0,20,9,1.0,0.9889491452778151,0.9771696331924471,0.9975273768433655,0.02035774365091836,0,5372.0,2756.0,1.0,False,-0.011050854722184922,0.9906790262765731,0.9795165697786281,0.9996862650894255,0.020169695310797375,444,457.0,1221.0,1.0,False,-0.009320973723426884
1.0,20,10,1.0,0.988999944758566,0.976678845288393,0.9975273768433655,0.02084853155497246,0,5660.0,2819.0,1.0,False,-0.011000055241433992,0.9900199940281346,0.9781272756747061,0.9997570041886855,0.021629728513979374,506,180.0,355.0,1.03,False,-0.009980005971865435
1.0,20,11,1.0,0.9891703367440846,0.9776301857969723,0.9975273768433655,0.019897191046393203,0,6926.0,3015.0,1.0,False,-0.01082966325591539,0.9906131732636532,0.9791397322430285,0.999557509469768,0.02041777722673943,560,273.0,679.0,1.01,False,-0.009386826736346832
1.0,20,12,1.0,0.9891192802044388,0.9776259922679205,0.9975273768433655,0.01990138457544499,0,6203.0,2778.0,1.0,False,-0.010880719795561156,0.9906471822088988,0.9795895299969353,0.9997122043149237,0.02012267431798842,459,282.0,1061.0,1.01,False,-0.009352817791101198
1.0,20,13,1.0,0.9891257849528005,0.9774443024977109,0.9975273768433655,0.020083074345654595,0,7408.0,3047.0,1.0,False,-0.010874215047199542,0.9910113504435071,0.9802186659789124,0.9996155238192466,0.01939685784033418,523,392.0,1500.0,1.01,False,-0.008988649556492923
1.0,20,14,1.0,0.9890845576946317,0.9775228897350893,0.9975273768433655,0.02000448710827618,0,7343.0,3221.0,1.0,False,-0.01091544230536834,0.9899473140135178,0.9778868848293494,0.9995710523064896,0.021684167477140193,323,427.0,976.0,1.01,False,-0.010052685986482235
1.0,20,15,1.0,0.9890672150622632,0.9774707928624915,0.9975273768433655,0.020056583980873954,0,7655.0,3201.0,1.0,False,-0.01093278493773675,0.9902607027997338,0.9782590779514321,0.9997454931691669,0.021486415217734867,559,182.0,634.0,1.01,False,-0.009739297200266228
1.0,20,16,1.0,0.9890839140815857,0.9772242086222889,0.9975273768433655,0.020303168221076584,0,6057.0,3103.0,1.0,False,-0.010916085918414309,0.9907312191078615,0.9790236506528217,0.9995467054154576,0.02052305476263594,605,267.0,640.0,1.01,False,-0.00926878089213845
1.0,20,17,1.0,0.9891805807300339,0.9774609258585036,0.9975273768433655,0.020066450984861817,0,6394.0,2903.0,1.0,False,-0.010819419269966102,0.9905558839473817,0.9785822829406867,0.9997658037052521,0.021183520764565422,474,406.0,1053.0,1.01,False,-0.009444116052618301
1.0,20,18,1.0,0.9888451050260825,0.9763419414784322,0.9975273768433655,0.021185435364933225,0,7135.0,3039.0,1.0,False,-0.011154894973917528,0.9906278148218376,0.9793235944864032,0.999659946930143,0.02033635244373988,523,323.0,974.0,1.01,False,-0.009372185178162407
1.0,20,19,1.0,0.9890233138584028,0.9767842079932829,0.9975273768433655,0.02074316885008254,0,6764.0,3252.0,1.0,False,-0.010976686141597192,0.990672261601907,0.9794545077928014,0.9997675028231883,0.02031299503038686,553,372.0,1144.0,1.01,False,-0.009327738398092977
1.0,20,20,1.0,0.9892203142146176,0.9781577091629018,0.9975273768433655,0.019369667680463665,0,7033.0,3067.0,1.0,False,-0.010779685785382354,0.9905360601143052,0.9786749504942641,0.9997281703667531,0.021053219872488982,497,227.0,930.0,1.02,False,-0.009463939885694828
1.0,20,21,1.0,0.98908454857071,0.9775047127993602,0.9975273768433655,0.02002266404400521,1,6687.0,3049.0,1.0,False,-0.010915451429289957,0.9907195107479111,0.9793483554993596,0.9997506723766261,0.020402316877266458,566,380.0,641.0,1.01,False,-0.009280489252088908
1.0,20,22,1.0,0.9889977109709197,0.9774373416707349,0.9975273768433655,0.020090035172630527,0,8264.0,3343.0,1.0,False,-0.011002289029080292,0.9903657583822678,0.9775715926266152,0.99960684174822,0.022035249121604816,576,298.0,516.0,1.0,False,-0.009634241617732187
1.0,20,23,1.0,0.9892019257340655,0.9772783925657361,0.9975273768433655,0.020248984277629334,0,6254.0,2875.0,1.0,False,-0.010798074265934487,0.9899810690553192,0.9778138165445379,0.9995288309710605,0.021715014426522572,420,260.0,690.0,1.02,False,-0.01001893094468076
1.0,20,24,1.0,0.9891592821979966,0.977717842241645,0.9975273768433655,0.019809534601720413,1,7933.0,3266.0,1.0,False,-0.010840717802003352,0.9900606499534417,0.9775327760211582,0.9995936538495059,0.022060877828347758,473,255.0,1002.0,1.02,False,-0.009939350046558326
1.0,50,0,1.0,0.9945435093453998,0.9895311350686394,0.9975273768433653,0.00799624177472591,0,8748.0,3353.0,1.0,False,-0.005456490654600188,0.9938352455986262,0.9879300073074871,0.9987729344990117,0.010842927191524576,844,225.0,357.0,1.02,False,-0.006164754401373762
1.0,50,1,1.0,0.9945283229315071,0.9895200240439879,0.9975273768433653,0.008007352799377476,0,6315.0,3112.0,1.0,False,-0.005471677068492942,0.9940596014616531,0.9883628399679283,0.998541727740954,0.010178887773025669,773,219.0,853.0,1.03,False,-0.005940398538346936
1.0,50,2,1.0,0.9945463016675746,0.9896106939524648,0.9975273768433653,0.007916682890900528,0,7540.0,3370.0,1.0,False,-0.005453698332425372,0.9942700923283084,0.9888858884439293,0.998818982632345,0.009933094188415703,1012,194.0,1011.0,1.02,False,-0.00572990767169157
1.0,50,3,1.0,0.9945816566892278,0.9896954514481404,0.9975273768433653,0.007831925395224926,0,5929.0,2744.0,1.0,False,-0.005418343310772178,0.9941699378941482,0.9888822101169992,0.998792809074595,0.009910598957595829,848,495.0,963.0,1.0,False,-0.0058300621058517965
1.0,50,4,1.0,0.9944805486634359,0.9894758896270743,0.9975273768433653,0.008051487216291009,0,7915.0,3191.0,1.0,False,-0.005519451336564063,0.9940690541918702,0.9884726986545027,0.9987456977377376,0.010272999083234868,883,351.0,1028.0,1.01,False,-0.005930945808129806
1.0,50,5,1.0,0.9945703752700015,0.9897181847853982,0.9975273768433653,0.0078091920579671514,0,6299.0,3027.0,1.0,False,-0.005429624729998528,0.9945032708769206,0.9894841835754506,0.9989083237968965,0.009424140221445887,1066,330.0,955.0,1.01,False,-0.0054967291230794135
1.0,50,6,1.0,0.9945246534308435,0.9896100625612068,0.9975273768433653,0.007917314282158583,0,7331.0,3304.0,1.0,False,-0.005475346569156492,0.9944237042581082,0.9892472586643678,0.9989215550603144,0.009674296395946635,989,410.0,1093.0,1.02,False,-0.005576295741891779
1.0,50,7,1.0,0.994626888893229,0.9899708432322735,0.9975273768433653,0.007556533611091876,0,7590.0,3034.0,1.0,False,-0.005373111106770967,0.9942539044307767,0.9890231480736147,0.9987113005542242,0.009688152480609502,979,539.0,1270.0,1.01,False,-0.005746095569223342
1.0,50,8,1.0,0.9945458606463373,0.9895580089830135,0.9975273768433653,0.00796936786035185,0,7510.0,2809.0,1.0,False,-0.005454139353662679,0.994396642388566,0.9890072862498032,0.9987563293584075,0.00974904310860436,1181,289.0,694.0,1.01,False,-0.0056033576114340455
1.0,50,9,1.0,0.9946118890969659,0.989925900431328,0.9975273768433653,0.007601476412037345,0,6674.0,2805.0,1.0,False,-0.005388110903034149,0.9944133985819171,0.9889422796958113,0.9987372776770276,0.009794997981216302,1242,214.0,536.0,1.01,False,-0.0055866014180828705
1.0,50,10,1.0,0.9945552484433565,0.9895653729509263,0.9975273768433653,0.007962003892439062,0,5667.0,2660.0,1.0,False,-0.005444751556643479,0.9942996943547069,0.9889541945365633,0.9990082463976908,0.010054051861127511,1056,283.0,602.0,1.01,False,-0.005700305645293113
1.0,50,11,1.0,0.9945669279068304,0.9897709404666587,0.9975273768433653,0.0077564363767066435,0,8525.0,2962.0,1.0,False,-0.005433072093169566,0.9944430407895384,0.9890321961612454,0.9989685655102496,0.009936369349004215,1211,213.0,548.0,1.02,False,-0.0055569592104616206
1.0,50,12,1.0,0.9945499301284039,0.9895993600551571,0.9975273768433653,0.007928016788208203,0,7518.0,3336.0,1.0,False,-0.00545006987159613,0.9943032429597176,0.9886358660797467,0.9987806324441613,0.010144766364414526,1085,365.0,1278.0,1.01,False,-0.005696757040282385
1.0,50,13,1.0,0.994523395287818,0.9893435797434732,0.9975273768433653,0.008183797099892143,0,6327.0,2945.0,1.0,False,-0.005476604712182032,0.9941747577347058,0.9886564809096423,0.998823020343297,0.010166539433654642,942,391.0,1288.0,1.0,False,-0.005825242265294239
1.0,50,14,1.0,0.9945082623430949,0.9894119958415588,0.9975273768433653,0.008115381001806532,0,6975.0,3341.0,1.0,False,-0.005491737656905138,0.9942589060457965,0.9890295540676987,0.9988963930353739,0.009866838967675262,1089,451.0,933.0,1.01,False,-0.005741093954203524
1.0,50,15,1.0,0.994576008831594,0.9896621554582162,0.9975273768433653,0.007865221385149113,0,7707.0,3293.0,1.0,False,-0.005423991168405973,0.9940995314930355,0.9887950938704375,0.9987087338157403,0.00991363994530281,903,404.0,1024.0,1.01,False,-0.0059004685069644625
1.0,50,16,1.0,0.9946067173836709,0.9898292631998648,0.9975273768433653,0.007698113643500593,0,8517.0,2845.0,1.0,False,-0.005393282616329098,0.9942278458565815,0.9887036512882591,0.998684907462784,0.009981256174524944,981,313.0,746.0,1.0,False,-0.005772154143418473
1.0,50,17,1.0,0.9945195869361584,0.9894578436987478,0.9975273768433653,0.008069533144617558,0,5774.0,3005.0,1.0,False,-0.005480413063841616,0.9942275760538326,0.9887815117461816,0.9986425783019895,0.009861066555807985,875,452.0,1330.0,1.01,False,-0.005772423946167393
1.0,50,18,1.0,0.9945115416997105,0.9893328291395139,0.9975273768433653,0.008194547703851418,0,7657.0,3030.0,1.0,False,-0.005488458300289545,0.9942958074405094,0.9886636079043757,0.9991001265587034,0.010436518654327709,1174,137.0,458.0,1.02,False,-0.005704192559490617
1.0,50,19,1.0,0.9945987481033879,0.9897437856743981,0.9975273768433653,0.007783591168967208,0,6955.0,3130.0,1.0,False,-0.005401251896612114,0.9943347388425419,0.9890399552930847,0.9989271874503203,0.009887232157235526,925,389.0,814.0,1.0,False,-0.005665261157458135
1.0,50,20,1.0,0.9946095012580647,0.9898652141889603,0.9975273768433653,0.0076621626544050025,0,5757.0,2815.0,1.0,False,-0.005390498741935312,0.9943916985574128,0.9886080353999701,0.9987526783282281,0.010144642928258008,1030,285.0,762.0,1.01,False,-0.005608301442587171
1.0,50,21,1.0,0.9945667829615843,0.9896552734918115,0.9975273768433653,0.00787210335155386,0,6817.0,2658.0,1.0,False,-0.005433217038415705,0.9940752795794051,0.9887691933665113,0.9988397416271597,0.01007054826064846,1072,286.0,883.0,1.01,False,-0.005924720420594887
1.0,50,22,1.0,0.9945947716965213,0.989980780294641,0.9975273768433653,0.00754659654872436,0,8558.0,3323.0,1.0,False,-0.005405228303478671,0.9944232232369268,0.9893362427196372,0.9988607140202098,0.009524471300572657,1074,416.0,1213.0,1.0,False,-0.005576776763073221
1.0,50,23,1.0,0.9945565186699289,0.9898327205384233,0.9975273768433653,0.007694656304942038,0,6468.0,2910.0,1.0,False,-0.005443481330071109,0.9941852086188167,0.9887639412645978,0.9987343679299652,0.009970426665367405,923,300.0,830.0,1.01,False,-0.0058147913811833485
1.0,50,24,1.0,0.9945495528843291,0.9894809338511016,0.9975273768433653,0.008046442992263758,0,7735.0,2842.0,1.0,False,-0.005450447115670887,0.9943011736544993,0.9890385014679107,0.9990183028427506,0.009979801374839892,849,423.0,1611.0,1.01,False,-0.005698826345500674
1.0,100,0,1.0,0.9963647621951541,0.9939280421859722,0.9975273768433653,0.0035993346573931495,0,6106.0,3480.0,1.0,False,-0.00363523780484587,0.9959939116855512,0.9929205664094913,0.998452537188368,0.0055319707788766825,1516,430.0,971.0,1.01,False,-0.004006088314448819
1.0,100,1,1.0,0.9963796077783534,0.9939775418887873,0.9975273768433653,0.003549834954578057,0,5522.0,3831.0,1.0,False,-0.0036203922216465623,0.9960112804775012,0.9930347013510052,0.9987181506275055,0.005683449276500219,1500,307.0,1241.0,1.01,False,-0.003988719522498796
1.0,100,2,1.0,0.9963505547842593,0.9939931653674264,0.9975273768433653,0.0035342114759389087,0,5719.0,3188.0,1.0,False,-0.003649445215740732,0.995969290800716,0.9927909472990553,0.998656592535052,0.005865645235996753,1585,343.0,743.0,1.02,False,-0.004030709199284055
1.0,100,3,1.0,0.9963714981357205,0.9939075763353311,0.9975273768433653,0.003619800508034232,0,6081.0,3717.0,1.0,False,-0.003628501864279543,0.9959944910836255,0.9927935300742731,0.9989717532114958,0.006178223137222716,1527,57.0,183.0,1.06,False,-0.004005508916374523
1.0,100,4,1.0,0.9963720037950905,0.9940778252190846,0.9975273768433653,0.0034495516242807334,0,5805.0,2370.0,1.0,False,-0.0036279962049095005,0.9959361500250745,0.9930194254649414,0.9986390008450571,0.0056195753801157045,1547,345.0,783.0,1.02,False,-0.004063849974925482
1.0,100,5,1.0,0.996358236435963,0.993902890903085,0.9975273768433653,0.0036244859402803087,0,6185.0,3317.0,1.0,False,-0.003641763564037004,0.9957550488547015,0.9926510824169045,0.9985255493130853,0.005874466896180874,1255,400.0,871.0,1.01,False,-0.004244951145298548
1.0,100,6,1.0,0.9963880232769597,0.9941811681750603,0.9975273768433653,0.0033462086683050396,0,6042.0,3726.0,1.0,False,-0.0036119767230402555,0.9957799656187858,0.9926126855044339,0.9985146901873801,0.005902004682946216,1274,274.0,808.0,1.02,False,-0.0042200343812142105
1.0,100,7,1.0,0.9963968072012593,0.9940121970787972,0.9975273768433653,0.003515179764568166,0,6693.0,2920.0,1.0,False,-0.003603192798740662,0.9958100554866139,0.9927364220143972,0.9986726905613585,0.005936268546961387,1187,142.0,182.0,1.04,False,-0.004189944513386057
1.0,100,8,1.0,0.9963755058882546,0.9939909145825159,0.9975273768433653,0.003536462260849471,0,5690.0,3112.0,1.0,False,-0.003624494111745369,0.995902937656543,0.992779045661438,0.9986959481229106,0.005916902461472584,1462,422.0,1158.0,1.01,False,-0.00409706234345697
1.0,100,9,1.0,0.9963417686670295,0.9937830245017589,0.9975273768433653,0.003744352341606416,0,6468.0,3784.0,1.0,False,-0.0036582313329704963,0.9959644549893024,0.9929938400606492,0.9988155638727119,0.005821723812062696,1632,233.0,699.0,1.03,False,-0.004035545010697583
1.0,100,10,1.0,0.9963884895711274,0.9941004952679113,0.9975273768433653,0.0034268815754540105,0,6811.0,3279.0,1.0,False,-0.003611510428872644,0.9959099560510879,0.9929903873965166,0.9984327729859988,0.005442385589482179,1355,656.0,1537.0,1.0,False,-0.004090043948912103
1.0,100,11,1.0,0.9963580811991221,0.9939741344114207,0.9975273768433653,0.0035532424319446587,0,4630.0,3580.0,1.0,False,-0.0036419188008779413,0.9959141748772453,0.9927842048507028,0.9985626853775003,0.005778480526797414,1470,391.0,733.0,1.01,False,-0.004085825122754683
1.0,100,12,1.0,0.9963987859951065,0.9941013102278135,0.9975273768433653,0.0034260666155518926,0,6009.0,3045.0,1.0,False,-0.0036012140048935493,0.9958023890871431,0.9927560688497536,0.9986179193458792,0.005861850496125531,1370,381.0,1095.0,1.01,False,-0.004197610912856864
1.0,100,13,1.0,0.9963539880040996,0.994029224930728,0.9975273768433653,0.0034981519126373595,0,6605.0,3445.0,1.0,False,-0.0036460119959004222,0.9959057495476293,0.9930013454041814,0.9986100602809944,0.005608714876813026,1333,700.0,952.0,1.01,False,-0.004094250452370662
1.0,100,14,1.0,0.9963619153420548,0.9940405519486766,0.9975273768433653,0.003486824894688767,0,6288.0,3270.0,1.0,False,-0.0036380846579452397,0.9959335823244924,0.9926170011436483,0.9987858155319829,0.006168814388334609,1593,220.0,538.0,1.01,False,-0.004066417675507639
1.0,100,15,1.0,0.9963811818090788,0.9940515211638519,0.9975273768433653,0.003475855679513473,0,6603.0,3270.0,1.0,False,-0.003618818190921247,0.9959688187835912,0.9930182856225058,0.9985943082218196,0.005576022599313779,1571,344.0,784.0,1.01,False,-0.004031181216408775
1.0,100,16,1.0,0.9963680472116214,0.9939852910226392,0.9975273768433653,0.0035420858207261263,0,7075.0,3131.0,1.0,False,-0.0036319527883785785,0.9959327723707211,0.9929951702312494,0.9986053137052396,0.005610143473990248,1482,441.0,825.0,1.0,False,-0.004067227629278913
1.0,100,17,1.0,0.9963929832812737,0.9939889599902368,0.9975273768433653,0.003538416853128501,0,5785.0,3153.0,1.0,False,-0.003607016718726319,0.9959080105725253,0.9928902645655974,0.9986650343078475,0.005774769742250108,1451,394.0,757.0,1.0,False,-0.004091989427474685
1.0,100,18,1.0,0.9963848505263382,0.9939058755924566,0.9975273768433653,0.003621501250908765,0,5301.0,3389.0,1.0,False,-0.003615149473661816,0.9958036280973913,0.9926860859772849,0.9985297234219042,0.005843637444619243,1292,375.0,1211.0,1.01,False,-0.0041963719026086865
1.0,100,19,1.0,0.9963812106403023,0.994074245617536,0.9975273768433653,0.0034531312258293534,0,5649.0,3402.0,1.0,False,-0.003618789359697727,0.9957819949015111,0.992768861795648,0.9985201660586343,0.005751304262986201,1146,369.0,1226.0,1.01,False,-0.004218005098488908
1.0,100,20,1.0,0.9963722244429267,0.9940240221900485,0.9975273768433653,0.003503354653316859,0,6736.0,3541.0,1.0,False,-0.003627775557073276,0.9960123564806559,0.9929896858726949,0.9987760822051486,0.005786396332453703,1538,223.0,431.0,1.02,False,-0.0039876435193441084
1.0,100,21,1.0,0.9963791341082479,0.994083501269791,0.9975273768433653,0.0034438755735743953,0,6671.0,3284.0,1.0,False,-0.0036208658917521452,0.9958256422179873,0.9926967225837295,0.9986379525076657,0.005941229923936198,1467,131.0,372.0,1.03,False,-0.004174357782012694
1.0,100,22,1.0,0.9963344716719382,0.9939104159531559,0.9975273768433653,0.003616960890209464,0,6120.0,3026.0,1.0,False,-0.0036655283280617734,0.9958933853052113,0.9928077938367499,0.9986626568956039,0.005854863058853965,1466,399.0,893.0,1.01,False,-0.0041066146947886795
1.0,100,23,1.0,0.9963785440989759,0.9940365786869206,0.9975273768433653,0.0034907981564447077,0,6836.0,3041.0,1.0,False,-0.00362145590102414,0.9959310003476999,0.9928868484671303,0.9985667289558581,0.0056798804887278065,1510,378.0,1170.0,1.01,False,-0.00406899965230012
1.0,100,24,1.0,0.996347895727089,0.9939513212851242,0.9975273768433653,0.0035760555582411424,0,5447.0,3133.0,1.0,False,-0.003652104272910961,0.9958556327978775,0.9926222925404078,0.9984764983017246,0.005854205761316789,1324,165.0,711.0,1.03,False,-0.004144367202122523
